camada,opcao,n_pares,delta_auc_medio,delta_auc_mediana,frac_pares_melhora,p_wilcoxon,p_wilcoxon_holm
C1_iluminacao,BenGraham,96,-0.014181838022837193,-0.01586589718629766,0.2708333333333333,6.3894760821663325e-06,7.667371298599598e-05
C1_iluminacao,Gamma0.8,96,0.005390056436286097,0.0015621378575070843,0.6979166666666666,3.845282822313766e-05,0.00042298111045451425
C1_iluminacao,Retinex,96,0.008502333163367773,-0.003111528299262978,0.4375,0.8207602450156196,1.0
C1_iluminacao,HistogramEq,96,0.005106076364746051,-0.0006373707875585444,0.4895833333333333,0.5760869547731953,1.0
C1_iluminacao,LABNorm,96,0.0016851335195228606,0.0011681268251982346,0.625,0.014204786223311212,0.09943350356317848
C2_espectral,GreenChannel,144,0.00160627095597892,-0.001689612015018882,0.4791666666666667,0.5677498763224749,1.0
C2_espectral,MaxGreen2.0,144,-0.013163758903876761,-0.011434431928800004,0.1736111111111111,1.2281175506026194e-16,2.087799836024453e-15
C2_espectral,Grayscale,144,-0.0038253916289394665,-0.0017962267649377361,0.4305555555555556,0.006355824243397863,0.050846593947182904
C3_contraste_local,AHE40.0,192,0.0012238967691095431,-0.004866615677003638,0.4166666666666667,0.10706099279007261,0.5353049639503631
C3_contraste_local,CLAHE4.0,192,0.0006295666168358588,-0.003338664070829389,0.4166666666666667,0.05458303637726077,0.3274982182635646
C4_refinamento,Unsharp1.5,72,-0.021534409009203864,-0.02116186900292022,0.0,1.6587518023763977e-13,2.6540028838022363e-12
C4_refinamento,Median,72,-5.259918519547201e-05,-0.0012307050479766768,0.4444444444444444,0.5223461602547816,1.0
C4_refinamento,Gaussian,72,0.005611309404245027,0.004490566912344174,0.6388888888888888,0.002123391128580923,0.019110520157228306
C4_refinamento,Morpho,72,-0.004594928331195871,-0.005436193389885435,0.2777777777777778,6.767865262425165e-05,0.0006767865262425165
C4_refinamento,Frangi,72,-0.1654081168847891,-0.15410698558383162,0.0,1.6587518023763977e-13,2.6540028838022363e-12
C4_refinamento,Canny,72,-0.12114598301889708,-0.11451003569276408,0.0,1.6587518023763977e-13,2.6540028838022363e-12
C4_refinamento,Otsu,72,-0.03586058898211239,-0.030786167895054006,0.125,4.032059644263003e-12,5.2416775375419034e-11
