,coef
intercepto,0.8890296275211554
C1_iluminacao_BenGraham,-0.0141818380228372
C1_iluminacao_Gamma0.8,0.005390056436286053
C1_iluminacao_HistogramEq,0.005106076364746002
C1_iluminacao_LABNorm,0.001685133519522871
C1_iluminacao_Retinex,0.00850233316336773
C2_espectral_Grayscale,-0.0038253916289396565
C2_espectral_GreenChannel,0.0016062709559787405
C2_espectral_MaxGreen2.0,-0.013163758903876995
C3_contraste_local_AHE40.0,0.001223896769108404
C3_contraste_local_CLAHE4.0,0.0006295666168363336
C4_refinamento_Canny,-0.12114598301889738
C4_refinamento_Frangi,-0.16540811688478954
C4_refinamento_Gaussian,0.0056113094042447315
C4_refinamento_Median,-5.259918519575843e-05
C4_refinamento_Morpho,-0.004594928331196053
C4_refinamento_Otsu,-0.03586058898211272
C4_refinamento_Unsharp1.5,-0.021534409009204152
