filtro,auc_mean,auc_std,dice_mean,dice_std,iou_mean,pointing_game_mean,residuo_dice_auc
LABNorm,0.9169,0.0072,0.065,0.006,0.0363,0.0776,0.0003
Gamma0.8,0.9133,0.0078,0.0648,0.0058,0.0361,0.0803,0.0008
baseline,0.9122,0.0087,0.0645,0.0059,0.036,0.0801,0.0008
MaxGreen2.0_Gaussian,0.9106,0.0068,0.0733,0.0045,0.0409,0.0799,0.0099
LABNorm_Median,0.9101,0.0064,0.0671,0.0049,0.0375,0.0807,0.0038
Gamma0.8_MaxGreen2.0_Gaussian,0.9095,0.0088,0.08,0.004,0.0449,0.094,0.0169
HistogramEq_GreenChannel_Gaussian,0.9087,0.0098,0.064,0.0056,0.0356,0.0707,0.001
Gamma0.8_Median,0.9078,0.0066,0.069,0.0064,0.0385,0.0819,0.0062
LABNorm_MaxGreen2.0_Gaussian,0.9074,0.008,0.0744,0.0046,0.0415,0.0819,0.0117
Median,0.9071,0.0074,0.0685,0.0061,0.0383,0.0792,0.0059
Morpho,0.907,0.0063,0.064,0.0064,0.0358,0.0722,0.0014
LABNorm_Morpho,0.907,0.0082,0.0631,0.0049,0.0352,0.0774,0.0005
Gamma0.8_CLAHE4.0,0.9067,0.0078,0.0637,0.0056,0.0356,0.0716,0.0012
MaxGreen2.0,0.9065,0.0056,0.0752,0.0043,0.0423,0.092,0.0127
Gamma0.8_MaxGreen2.0,0.9065,0.0065,0.0773,0.0056,0.0435,0.092,0.0148
LABNorm_Unsharp1.5,0.9061,0.0066,0.061,0.0052,0.034,0.0687,-0.0014
LABNorm_Gaussian,0.9055,0.0124,0.0703,0.0075,0.0396,0.0794,0.008
Gaussian,0.9049,0.0102,0.0697,0.0052,0.0392,0.077,0.0076
Gamma0.8_Morpho,0.9043,0.0053,0.0643,0.006,0.0359,0.0797,0.0023
Gamma0.8_Unsharp1.5,0.9035,0.009,0.0596,0.0073,0.0332,0.0665,-0.0022
BenGraham_Gaussian,0.9031,0.0088,0.0786,0.0047,0.0442,0.087,0.0169
LABNorm_CLAHE4.0_Gaussian,0.903,0.0086,0.059,0.0053,0.0329,0.0553,-0.0027
Gamma0.8_CLAHE4.0_Gaussian,0.9027,0.009,0.0546,0.007,0.0303,0.0468,-0.0071
Gamma0.8_Gaussian,0.9026,0.0095,0.0708,0.0079,0.0399,0.0747,0.0092
Gamma0.8_Grayscale,0.9024,0.0088,0.0679,0.0062,0.0379,0.0736,0.0063
CLAHE4.0_Gaussian,0.9023,0.0071,0.0577,0.0069,0.0321,0.0535,-0.0039
Grayscale,0.9012,0.0091,0.0707,0.0061,0.0395,0.0812,0.0094
Gamma0.8_AHE40.0_Gaussian,0.9012,0.008,0.0477,0.0044,0.0262,0.0514,-0.0136
AHE40.0_Gaussian,0.9009,0.0108,0.0514,0.006,0.0284,0.0552,-0.0099
LABNorm_GreenChannel_AHE40.0_Median,0.9002,0.0071,0.0592,0.004,0.0329,0.0707,-0.0019
Gamma0.8_MaxGreen2.0_Morpho,0.8995,0.0093,0.075,0.0077,0.0421,0.0897,0.014
Grayscale_AHE40.0_Median,0.8993,0.0123,0.063,0.0076,0.0353,0.0729,0.0021
HistogramEq_GreenChannel,0.899,0.0081,0.0697,0.0045,0.039,0.0817,0.0088
LABNorm_Grayscale,0.899,0.0059,0.0701,0.0066,0.039,0.0819,0.0092
Gamma0.8_GreenChannel,0.8989,0.005,0.0657,0.0062,0.0367,0.0785,0.0049
Gamma0.8_Grayscale_AHE40.0,0.8988,0.0081,0.0578,0.008,0.0321,0.0705,-0.003
HistogramEq_Grayscale_Gaussian,0.8988,0.0042,0.0651,0.0058,0.0363,0.0709,0.0043
LABNorm_AHE40.0_Gaussian,0.8987,0.0111,0.0523,0.0063,0.0289,0.0579,-0.0085
Gamma0.8_Grayscale_AHE40.0_Median,0.8985,0.0093,0.062,0.0075,0.0348,0.0696,0.0012
Gamma0.8_MaxGreen2.0_Median,0.8983,0.0086,0.0805,0.0041,0.0453,0.0971,0.0198
HistogramEq_Gaussian,0.8981,0.0099,0.0586,0.0063,0.0326,0.0655,-0.0021
MaxGreen2.0_Median,0.898,0.0067,0.0786,0.004,0.0442,0.0897,0.018
HistogramEq_CLAHE4.0_Gaussian,0.898,0.0146,0.059,0.0079,0.0329,0.0595,-0.0016
Gamma0.8_Grayscale_Gaussian,0.8978,0.014,0.0768,0.0047,0.0431,0.0857,0.0162
LABNorm_MaxGreen2.0_Median,0.8976,0.0089,0.077,0.0035,0.0432,0.0897,0.0164
HistogramEq_CLAHE4.0,0.8975,0.0097,0.0601,0.0054,0.0333,0.0667,-0.0004
Grayscale_AHE40.0_Morpho,0.8974,0.0141,0.0579,0.0066,0.0321,0.0722,-0.0026
BenGraham_AHE40.0_Gaussian,0.8972,0.011,0.0649,0.0111,0.0362,0.0792,0.0044
GreenChannel_Gaussian,0.8971,0.0161,0.0802,0.0076,0.0452,0.0897,0.0198
AHE40.0_Median,0.897,0.0105,0.0572,0.0047,0.0319,0.064,-0.0032
Gamma0.8_AHE40.0_Median,0.897,0.0097,0.0544,0.0069,0.0302,0.0599,-0.006
HistogramEq_AHE40.0_Median,0.8969,0.0046,0.054,0.005,0.0299,0.0609,-0.0064
LABNorm_GreenChannel_CLAHE4.0_Gaussian,0.8968,0.008,0.0594,0.0075,0.0332,0.0633,-0.001
LABNorm_Grayscale_AHE40.0_Median,0.8968,0.0108,0.0607,0.0065,0.0339,0.0693,0.0003
BenGraham_MaxGreen2.0_Median,0.8967,0.0107,0.0631,0.0053,0.0351,0.0857,0.0027
Retinex_GreenChannel_Median,0.8967,0.0071,0.0673,0.0053,0.0375,0.0832,0.0069
Retinex_Grayscale_Median,0.8967,0.0086,0.0675,0.0067,0.0377,0.0848,0.0071
HistogramEq_Morpho,0.8967,0.0067,0.0543,0.0045,0.0299,0.068,-0.0061
Retinex_AHE40.0_Gaussian,0.8966,0.008,0.0502,0.0083,0.0277,0.0523,-0.0101
Grayscale_CLAHE4.0_Gaussian,0.8964,0.0091,0.0618,0.0064,0.0346,0.0671,0.0015
LABNorm_AHE40.0_Median,0.896,0.0096,0.0581,0.006,0.0324,0.0638,-0.0021
Retinex_GreenChannel_Gaussian,0.8959,0.0101,0.074,0.0076,0.0414,0.0778,0.0138
Grayscale_AHE40.0,0.8958,0.0102,0.0567,0.0071,0.0316,0.0709,-0.0035
Gamma0.8_GreenChannel_AHE40.0_Median,0.8958,0.0097,0.0583,0.0058,0.0324,0.0705,-0.0019
LABNorm_GreenChannel_CLAHE4.0,0.8958,0.0077,0.0591,0.0062,0.033,0.0658,-0.0011
MaxGreen2.0_Morpho,0.8957,0.0068,0.0739,0.004,0.0415,0.0919,0.0138
Gamma0.8_CLAHE4.0_Median,0.8955,0.0143,0.0613,0.0067,0.0343,0.0637,0.0012
LABNorm_MaxGreen2.0_Morpho,0.8952,0.009,0.0727,0.0043,0.0407,0.0875,0.0127
Gamma0.8_GreenChannel_CLAHE4.0,0.8949,0.0108,0.0601,0.0081,0.0335,0.0651,0.0001
GreenChannel_AHE40.0_Median,0.8948,0.0102,0.0582,0.0061,0.0324,0.0712,-0.0017
LABNorm_GreenChannel_Gaussian,0.8948,0.0151,0.0799,0.0084,0.045,0.0892,0.02
HistogramEq_GreenChannel_AHE40.0_Morpho,0.8946,0.0083,0.0503,0.0068,0.0275,0.0541,-0.0096
HistogramEq_GreenChannel_CLAHE4.0,0.8946,0.0059,0.0639,0.0054,0.0358,0.0805,0.004
BenGraham_Median,0.8944,0.0096,0.0626,0.0078,0.0349,0.0714,0.0027
Gamma0.8_Grayscale_CLAHE4.0_Morpho,0.8944,0.0114,0.0535,0.0057,0.0297,0.0606,-0.0064
BenGraham_MaxGreen2.0_Gaussian,0.8942,0.0062,0.0692,0.005,0.0385,0.0778,0.0094
HistogramEq_Grayscale_AHE40.0_Median,0.8942,0.008,0.0617,0.0075,0.0343,0.0772,0.0019
HistogramEq_AHE40.0_Gaussian,0.894,0.0135,0.0546,0.0072,0.0302,0.0584,-0.0052
Grayscale_Gaussian,0.8938,0.0157,0.0758,0.0046,0.0427,0.0834,0.0161
LABNorm_Grayscale_CLAHE4.0_Gaussian,0.8938,0.0087,0.0607,0.0073,0.034,0.0662,0.001
GreenChannel_Median,0.8933,0.0093,0.0711,0.0067,0.0397,0.0837,0.0115
Gamma0.8_GreenChannel_Morpho,0.8932,0.0087,0.0683,0.008,0.0382,0.0823,0.0087
GreenChannel_CLAHE4.0_Gaussian,0.8929,0.0118,0.0603,0.0058,0.0336,0.0649,0.0008
BenGraham_MaxGreen2.0_AHE40.0_Gaussian,0.8927,0.0075,0.0634,0.0092,0.0351,0.077,0.0039
CLAHE4.0_Median,0.8926,0.011,0.0609,0.0059,0.0341,0.0689,0.0014
BenGraham_Grayscale_CLAHE4.0_Gaussian,0.8926,0.0097,0.0674,0.0069,0.0374,0.0761,0.0079
LABNorm_GreenChannel_Median,0.8925,0.01,0.0688,0.0058,0.0383,0.0807,0.0094
GreenChannel_Morpho,0.8922,0.0063,0.0659,0.0068,0.0368,0.079,0.0065
HistogramEq_Grayscale_AHE40.0,0.8921,0.0081,0.0563,0.0069,0.0312,0.0756,-0.0031
LABNorm_GreenChannel_AHE40.0_Morpho,0.8921,0.0139,0.0585,0.0049,0.0325,0.0689,-0.0009
GreenChannel_CLAHE4.0,0.892,0.0095,0.0609,0.008,0.034,0.0676,0.0016
Gamma0.8_GreenChannel_CLAHE4.0_Gaussian,0.892,0.0117,0.0609,0.006,0.034,0.066,0.0016
Gamma0.8_GreenChannel_Median,0.8918,0.011,0.0715,0.0066,0.04,0.0866,0.0122
GreenChannel_AHE40.0,0.8916,0.0122,0.0542,0.0053,0.0302,0.0691,-0.0051
Gamma0.8_Grayscale_Median,0.8916,0.0139,0.0701,0.0079,0.0392,0.0781,0.0108
Gamma0.8_GreenChannel_AHE40.0,0.8915,0.0124,0.0542,0.0052,0.0301,0.0696,-0.005
HistogramEq_Grayscale_CLAHE4.0,0.8915,0.0079,0.0612,0.0061,0.0342,0.0801,0.002
BenGraham_MaxGreen2.0_CLAHE4.0_Gaussian,0.8914,0.011,0.0595,0.0047,0.0328,0.0732,0.0003
BenGraham_Grayscale_AHE40.0_Gaussian,0.8913,0.0086,0.0623,0.0112,0.0346,0.0763,0.0031
Grayscale_CLAHE4.0,0.8912,0.0076,0.0626,0.0054,0.035,0.0703,0.0034
HistogramEq_MaxGreen2.0_AHE40.0_Gaussian,0.8912,0.0141,0.0601,0.0039,0.0334,0.0731,0.0009
BenGraham_Morpho,0.8911,0.0089,0.0607,0.0051,0.0339,0.0716,0.0016
LABNorm_Grayscale_AHE40.0_Morpho,0.891,0.0154,0.0575,0.0062,0.0318,0.0722,-0.0016
MaxGreen2.0_Unsharp1.5,0.8907,0.0093,0.0693,0.0059,0.0389,0.0767,0.0102
Retinex_Grayscale_CLAHE4.0_Gaussian,0.8906,0.0115,0.0707,0.0055,0.0395,0.0821,0.0117
HistogramEq_GreenChannel_CLAHE4.0_Gaussian,0.8904,0.0152,0.06,0.0055,0.0335,0.0754,0.001
Retinex_Grayscale_Gaussian,0.8901,0.0086,0.0758,0.0053,0.0426,0.0864,0.0169
GreenChannel_AHE40.0_Morpho,0.8899,0.0149,0.0567,0.0058,0.0315,0.064,-0.0022
Gamma0.8_GreenChannel_AHE40.0_Morpho,0.8899,0.0146,0.0572,0.0057,0.0318,0.0651,-0.0017
HistogramEq_CLAHE4.0_Median,0.8899,0.0114,0.0619,0.0064,0.0345,0.0709,0.003
Retinex_Gaussian,0.8895,0.007,0.081,0.003,0.0457,0.0868,0.0222
Retinex_MaxGreen2.0,0.8895,0.0055,0.0722,0.004,0.0402,0.0897,0.0134
HistogramEq_MaxGreen2.0_Gaussian,0.8895,0.0144,0.0655,0.0042,0.0367,0.077,0.0067
LABNorm_MaxGreen2.0_CLAHE4.0_Gaussian,0.8894,0.0118,0.0621,0.0062,0.0346,0.0729,0.0033
LABNorm_Grayscale_CLAHE4.0_Median,0.8893,0.0084,0.061,0.0049,0.034,0.0665,0.0022
HistogramEq_CLAHE4.0_Morpho,0.8892,0.0111,0.0527,0.005,0.0289,0.0633,-0.006
HistogramEq_GreenChannel_Median,0.8892,0.0072,0.0743,0.0054,0.0416,0.091,0.0156
HistogramEq_AHE40.0_Morpho,0.8891,0.0137,0.0465,0.0037,0.0253,0.0479,-0.0122
BenGraham_MaxGreen2.0,0.8888,0.0152,0.0581,0.0053,0.0322,0.0696,-0.0005
HistogramEq_Median,0.8888,0.0112,0.0638,0.005,0.0356,0.0826,0.0052
LABNorm_GreenChannel_CLAHE4.0_Median,0.8887,0.0073,0.0612,0.0016,0.0341,0.0702,0.0026
LABNorm_Grayscale_Morpho,0.8887,0.0132,0.0657,0.007,0.0364,0.0727,0.0071
LABNorm_Grayscale_Median,0.8884,0.0122,0.0724,0.0061,0.0403,0.0857,0.0138
Retinex_MaxGreen2.0_CLAHE4.0_Gaussian,0.8879,0.0078,0.0705,0.007,0.0395,0.0857,0.012
Grayscale_CLAHE4.0_Morpho,0.8878,0.0093,0.0553,0.007,0.0308,0.0604,-0.0031
Retinex,0.8878,0.0082,0.0726,0.0054,0.0407,0.0879,0.0142
Gamma0.8_Grayscale_Morpho,0.8876,0.0156,0.0655,0.0073,0.0365,0.0734,0.0071
Retinex_Grayscale_CLAHE4.0_Morpho,0.8876,0.0089,0.0648,0.0077,0.0364,0.0832,0.0064
LABNorm_CLAHE4.0_Median,0.8876,0.0145,0.0592,0.0061,0.0331,0.0685,0.0008
MaxGreen2.0_CLAHE4.0_Gaussian,0.8875,0.0115,0.0602,0.0056,0.0334,0.0656,0.0018
BenGraham_AHE40.0_Median,0.8875,0.0134,0.0619,0.0085,0.0344,0.0743,0.0035
Retinex_GreenChannel_Morpho,0.8873,0.0089,0.0612,0.0063,0.034,0.0723,0.0029
BenGraham_CLAHE4.0_Median,0.8872,0.0086,0.0605,0.0082,0.0337,0.0673,0.0022
LABNorm_GreenChannel_Morpho,0.8871,0.0146,0.066,0.0066,0.0367,0.075,0.0077
HistogramEq_Grayscale_AHE40.0_Morpho,0.8868,0.0147,0.0551,0.0056,0.0303,0.0633,-0.0031
BenGraham_GreenChannel_CLAHE4.0_Gaussian,0.8866,0.0081,0.0674,0.0065,0.0375,0.0817,0.0092
Gamma0.8_MaxGreen2.0_CLAHE4.0,0.8865,0.008,0.062,0.0054,0.0342,0.0696,0.0039
Grayscale_CLAHE4.0_Median,0.8864,0.0128,0.0632,0.0058,0.0354,0.0689,0.0051
Retinex_Grayscale_AHE40.0_Morpho,0.8862,0.0143,0.0583,0.0059,0.0326,0.0693,0.0002
HistogramEq_Grayscale,0.886,0.0111,0.0613,0.0064,0.034,0.074,0.0033
Gamma0.8_Grayscale_CLAHE4.0_Median,0.8858,0.0122,0.0632,0.0051,0.0354,0.0694,0.0052
Retinex_Grayscale_AHE40.0_Otsu,0.8858,0.0131,0.0426,0.0068,0.0232,0.0476,-0.0154
HistogramEq_MaxGreen2.0_CLAHE4.0_Gaussian,0.8858,0.0146,0.0639,0.0035,0.0358,0.0729,0.0059
LABNorm_AHE40.0_Morpho,0.8857,0.012,0.0502,0.0043,0.0276,0.0555,-0.0078
Grayscale_Morpho,0.8854,0.0119,0.0663,0.0069,0.0368,0.0716,0.0084
Retinex_Grayscale_AHE40.0_Gaussian,0.8854,0.0139,0.06,0.0108,0.0335,0.0664,0.0021
HistogramEq_GreenChannel_AHE40.0,0.8853,0.0141,0.0595,0.0071,0.033,0.075,0.0016
Retinex_MaxGreen2.0_Gaussian,0.8852,0.0087,0.0819,0.0036,0.0461,0.0964,0.024
AHE40.0_Morpho,0.885,0.0128,0.0499,0.0044,0.0274,0.055,-0.0079
LABNorm_CLAHE4.0_Unsharp1.5,0.885,0.0128,0.0525,0.0067,0.0289,0.0624,-0.0053
LABNorm_Grayscale_CLAHE4.0_Morpho,0.885,0.0114,0.0545,0.007,0.0302,0.0626,-0.0033
Gamma0.8_AHE40.0,0.8849,0.0146,0.0575,0.0057,0.0319,0.0669,-0.0003
HistogramEq_Grayscale_CLAHE4.0_Median,0.8849,0.0126,0.0634,0.006,0.0353,0.0821,0.0056
CLAHE4.0_Unsharp1.5,0.8847,0.0122,0.0525,0.0076,0.0289,0.0593,-0.0053
BenGraham_MaxGreen2.0_Morpho,0.8847,0.0129,0.0597,0.0074,0.0332,0.0712,0.0019
Gamma0.8_Grayscale_AHE40.0_Gaussian,0.8847,0.0146,0.0577,0.0076,0.0321,0.0629,-0.0001
Grayscale_Median,0.8845,0.0123,0.0715,0.0087,0.0399,0.0785,0.0138
Retinex_GreenChannel_CLAHE4.0,0.8845,0.008,0.0614,0.0068,0.0344,0.0797,0.0037
Retinex_MaxGreen2.0_AHE40.0_Gaussian,0.8843,0.0098,0.0548,0.008,0.0304,0.0658,-0.0029
Retinex_Median,0.8842,0.0093,0.0736,0.0052,0.0413,0.0812,0.016
HistogramEq_AHE40.0,0.8842,0.0093,0.0568,0.0052,0.0312,0.0633,-0.0008
HistogramEq_GreenChannel_AHE40.0_Median,0.8842,0.0139,0.0597,0.008,0.0331,0.0707,0.0021
Gamma0.8_MaxGreen2.0_Unsharp1.5,0.884,0.0096,0.0663,0.007,0.037,0.0732,0.0087
Gamma0.8_Grayscale_CLAHE4.0_Unsharp1.5,0.884,0.0129,0.0522,0.0064,0.0287,0.0647,-0.0054
HistogramEq_MaxGreen2.0_AHE40.0_Median,0.884,0.0108,0.0592,0.0062,0.0326,0.0669,0.0016
Retinex_GreenChannel_CLAHE4.0_Median,0.8838,0.0077,0.0653,0.0082,0.0365,0.0837,0.0077
LABNorm_MaxGreen2.0_CLAHE4.0_Median,0.8838,0.0079,0.0662,0.0044,0.0367,0.0712,0.0086
Gamma0.8_MaxGreen2.0_AHE40.0_Gaussian,0.8837,0.0108,0.0504,0.0048,0.0277,0.0559,-0.0071
LABNorm_GreenChannel_AHE40.0_Gaussian,0.8836,0.0113,0.0595,0.0064,0.0331,0.0608,0.002
BenGraham_Grayscale_CLAHE4.0_Morpho,0.8834,0.0099,0.0513,0.0035,0.0281,0.0606,-0.0062
BenGraham_GreenChannel_AHE40.0_Gaussian,0.8833,0.009,0.0569,0.0104,0.0314,0.0714,-0.0006
LABNorm_MaxGreen2.0_CLAHE4.0,0.883,0.0076,0.0621,0.0056,0.0342,0.066,0.0047
Gamma0.8_GreenChannel_CLAHE4.0_Median,0.8829,0.0089,0.0605,0.0039,0.0337,0.068,0.0031
HistogramEq_MaxGreen2.0_AHE40.0,0.8827,0.011,0.057,0.0063,0.0314,0.0687,-0.0003
BenGraham_Grayscale_Gaussian,0.8826,0.0102,0.0711,0.0053,0.0396,0.0776,0.0138
HistogramEq_GreenChannel_AHE40.0_Gaussian,0.8826,0.0144,0.0544,0.0065,0.03,0.0694,-0.0029
Retinex_Grayscale_AHE40.0_Median,0.8825,0.0129,0.0587,0.0023,0.0327,0.0696,0.0014
Grayscale_AHE40.0_Gaussian,0.8824,0.0139,0.0578,0.0081,0.0322,0.0647,0.0005
GreenChannel_CLAHE4.0_Median,0.8823,0.0092,0.0614,0.0027,0.0342,0.0749,0.0042
Retinex_AHE40.0_Median,0.8818,0.0107,0.0513,0.0037,0.0283,0.0611,-0.0058
Grayscale_CLAHE4.0_Unsharp1.5,0.8817,0.0142,0.0523,0.0061,0.0287,0.0649,-0.0048
HistogramEq_GreenChannel_CLAHE4.0_Morpho,0.8815,0.0131,0.0573,0.0064,0.0316,0.0627,0.0002
Gamma0.8_AHE40.0_Morpho,0.8812,0.0144,0.0494,0.0058,0.0271,0.0515,-0.0076
Retinex_GreenChannel,0.8811,0.009,0.0617,0.0055,0.0342,0.0774,0.0047
HistogramEq_GreenChannel_CLAHE4.0_Median,0.8811,0.011,0.0665,0.0047,0.0371,0.0854,0.0095
Retinex_Grayscale_Morpho,0.881,0.0099,0.0654,0.007,0.0366,0.0812,0.0084
LABNorm_GreenChannel_CLAHE4.0_Morpho,0.8807,0.0124,0.0578,0.0039,0.0321,0.0635,0.0009
LABNorm_Grayscale_AHE40.0_Unsharp1.5,0.8807,0.0131,0.0509,0.0075,0.0279,0.0665,-0.006
CLAHE4.0_Morpho,0.8806,0.0076,0.0561,0.006,0.0312,0.0562,-0.0008
Gamma0.8_Grayscale_AHE40.0_Unsharp1.5,0.8806,0.0152,0.05,0.007,0.0274,0.0665,-0.0069
Retinex_AHE40.0_Morpho,0.8806,0.0142,0.0458,0.0053,0.0251,0.0474,-0.0111
HistogramEq_GreenChannel_Morpho,0.8804,0.01,0.0697,0.0041,0.0387,0.0788,0.0129
LABNorm_AHE40.0,0.8804,0.0112,0.0574,0.0061,0.0318,0.0691,0.0006
MaxGreen2.0_CLAHE4.0,0.8803,0.0063,0.0615,0.0044,0.0339,0.0629,0.0047
HistogramEq_Grayscale_CLAHE4.0_Gaussian,0.8802,0.0152,0.0628,0.0052,0.0351,0.0754,0.006
BenGraham_CLAHE4.0_Morpho,0.88,0.0118,0.0564,0.0067,0.0315,0.0644,-0.0003
LABNorm_MaxGreen2.0_AHE40.0_Gaussian,0.88,0.0122,0.0502,0.0049,0.0274,0.049,-0.0065
LABNorm_Grayscale_AHE40.0_Gaussian,0.8797,0.0138,0.058,0.0068,0.0323,0.0653,0.0013
Grayscale_AHE40.0_Unsharp1.5,0.8793,0.0149,0.0504,0.0069,0.0276,0.0676,-0.0062
Retinex_Grayscale_CLAHE4.0_Median,0.8793,0.0046,0.0653,0.0055,0.0366,0.0774,0.0087
LABNorm_Grayscale_CLAHE4.0_Unsharp1.5,0.8791,0.0147,0.0512,0.0061,0.028,0.0618,-0.0053
HistogramEq_Grayscale_AHE40.0_Gaussian,0.879,0.0148,0.0551,0.0048,0.0305,0.0676,-0.0014
MaxGreen2.0_AHE40.0_Gaussian,0.8789,0.0109,0.0485,0.0058,0.0265,0.049,-0.008
MaxGreen2.0_CLAHE4.0_Median,0.8789,0.0081,0.0672,0.0029,0.0373,0.0694,0.0107
GreenChannel_AHE40.0_Gaussian,0.8788,0.0111,0.0601,0.0062,0.0335,0.0579,0.0036
BenGraham_Grayscale_CLAHE4.0_Otsu,0.8785,0.0123,0.0528,0.0042,0.0288,0.0693,-0.0036
BenGraham_Grayscale_Morpho,0.8784,0.0096,0.061,0.004,0.0338,0.0644,0.0046
Retinex_MaxGreen2.0_CLAHE4.0_Median,0.8782,0.0189,0.0703,0.0046,0.0392,0.0966,0.014
GreenChannel_CLAHE4.0_Morpho,0.8779,0.0117,0.0595,0.0039,0.0331,0.0646,0.0032
BenGraham,0.8777,0.0121,0.0543,0.0086,0.03,0.0655,-0.0019
HistogramEq_GreenChannel_AHE40.0_Otsu,0.8777,0.0072,0.0454,0.0046,0.0249,0.0497,-0.0108
Gamma0.8_GreenChannel_Unsharp1.5,0.8775,0.0111,0.0634,0.0062,0.0355,0.077,0.0072
HistogramEq_Grayscale_CLAHE4.0_Morpho,0.8772,0.0188,0.054,0.0062,0.0297,0.0673,-0.0021
GreenChannel_CLAHE4.0_Unsharp1.5,0.8767,0.0117,0.0474,0.0058,0.026,0.0557,-0.0086
HistogramEq_Grayscale_Morpho,0.8767,0.0121,0.0583,0.0066,0.0321,0.0646,0.0023
Gamma0.8_MaxGreen2.0_CLAHE4.0_Unsharp1.5,0.8765,0.0108,0.0515,0.0041,0.0281,0.0599,-0.0045
Retinex_AHE40.0_Otsu,0.8763,0.0084,0.0398,0.0068,0.0216,0.047,-0.0161
Retinex_Morpho,0.8761,0.0216,0.0766,0.0059,0.0431,0.0926,0.0207
Gamma0.8_GreenChannel_CLAHE4.0_Unsharp1.5,0.8757,0.0122,0.0478,0.0057,0.0263,0.0579,-0.008
BenGraham_CLAHE4.0_Otsu,0.8755,0.0122,0.0485,0.0066,0.0264,0.0575,-0.0073
MaxGreen2.0_CLAHE4.0_Unsharp1.5,0.8754,0.0072,0.0549,0.0054,0.0301,0.0609,-0.0008
HistogramEq_GreenChannel_AHE40.0_Unsharp1.5,0.8754,0.0124,0.0497,0.0053,0.0271,0.0667,-0.006
HistogramEq_Grayscale_AHE40.0_Unsharp1.5,0.8754,0.0096,0.0466,0.0056,0.0254,0.0658,-0.0091
HistogramEq_GreenChannel_CLAHE4.0_Unsharp1.5,0.8751,0.0145,0.0539,0.0048,0.0297,0.074,-0.0018
LABNorm_CLAHE4.0_Morpho,0.875,0.0091,0.0564,0.0049,0.0314,0.0566,0.0007
GreenChannel_Unsharp1.5,0.8749,0.0109,0.061,0.0067,0.0339,0.0722,0.0054
BenGraham_GreenChannel_Morpho,0.8748,0.0048,0.0604,0.006,0.0335,0.0638,0.0048
Gamma0.8_AHE40.0_Otsu,0.8747,0.0068,0.0426,0.006,0.0233,0.0436,-0.013
LABNorm_GreenChannel_Unsharp1.5,0.8745,0.0103,0.0587,0.0068,0.0326,0.0703,0.0032
LABNorm_Grayscale_Unsharp1.5,0.8744,0.0153,0.0566,0.008,0.0312,0.0618,0.0011
BenGraham_Grayscale_AHE40.0_Otsu,0.8742,0.0136,0.0478,0.0049,0.0261,0.0608,-0.0077
HistogramEq_Grayscale_Median,0.8741,0.0106,0.0638,0.0037,0.0355,0.0807,0.0083
Retinex_MaxGreen2.0_CLAHE4.0,0.874,0.0097,0.0636,0.0042,0.0351,0.0854,0.0082
LABNorm_MaxGreen2.0_CLAHE4.0_Unsharp1.5,0.874,0.0085,0.0555,0.0039,0.0303,0.0642,0.0001
Gamma0.8_MaxGreen2.0_CLAHE4.0_Morpho,0.8739,0.0158,0.0627,0.0038,0.0346,0.064,0.0073
BenGraham_GreenChannel,0.8736,0.01,0.0588,0.0056,0.0326,0.0738,0.0035
BenGraham_Grayscale_CLAHE4.0_Median,0.8734,0.0107,0.071,0.0069,0.0397,0.0877,0.0157
BenGraham_GreenChannel_Gaussian,0.8733,0.0093,0.0718,0.0063,0.0401,0.0877,0.0165
BenGraham_MaxGreen2.0_CLAHE4.0_Morpho,0.8732,0.0142,0.051,0.0081,0.0278,0.06,-0.0043
BenGraham_CLAHE4.0,0.8727,0.0111,0.049,0.0058,0.0268,0.0584,-0.0062
BenGraham_GreenChannel_AHE40.0_Otsu,0.8725,0.0121,0.0554,0.0056,0.0303,0.0761,0.0003
Retinex_MaxGreen2.0_AHE40.0_Morpho,0.8725,0.0148,0.041,0.0099,0.0224,0.0427,-0.0141
BenGraham_Grayscale_AHE40.0_Median,0.8724,0.0158,0.0608,0.0078,0.0336,0.0754,0.0057
Retinex_AHE40.0,0.8722,0.0178,0.0463,0.0046,0.0254,0.0537,-0.0087
HistogramEq_MaxGreen2.0_CLAHE4.0,0.8721,0.0113,0.0576,0.0052,0.0318,0.0785,0.0026
HistogramEq_Grayscale_CLAHE4.0_Unsharp1.5,0.8721,0.0158,0.0544,0.0069,0.0299,0.0732,-0.0006
Grayscale_Unsharp1.5,0.872,0.0103,0.0599,0.0082,0.0332,0.0684,0.0049
HistogramEq_Grayscale_AHE40.0_Otsu,0.8711,0.0078,0.0454,0.006,0.0248,0.0506,-0.0094
BenGraham_MaxGreen2.0_Otsu,0.871,0.0118,0.0431,0.0058,0.0235,0.0477,-0.0117
LABNorm_MaxGreen2.0_AHE40.0_Median,0.871,0.0075,0.0558,0.0027,0.0306,0.0573,0.001
HistogramEq_MaxGreen2.0_AHE40.0_Morpho,0.8708,0.0094,0.0526,0.0053,0.0287,0.0553,-0.0021
BenGraham_GreenChannel_CLAHE4.0_Morpho,0.8706,0.0146,0.0529,0.0071,0.029,0.057,-0.0018
LABNorm_MaxGreen2.0_CLAHE4.0_Morpho,0.8706,0.0136,0.0627,0.0047,0.0347,0.068,0.008
Gamma0.8_Grayscale_AHE40.0_Otsu,0.8703,0.0065,0.0449,0.007,0.0246,0.0533,-0.0097
LABNorm_MaxGreen2.0_AHE40.0,0.8703,0.0122,0.0553,0.0059,0.0305,0.066,0.0007
HistogramEq_GreenChannel_Unsharp1.5,0.87,0.0117,0.0592,0.0057,0.0327,0.0731,0.0046
Grayscale_AHE40.0_Otsu,0.8697,0.0097,0.0452,0.0092,0.0248,0.0528,-0.0093
BenGraham_GreenChannel_CLAHE4.0_Otsu,0.8695,0.0124,0.0545,0.0056,0.0298,0.0723,0.0
MaxGreen2.0_CLAHE4.0_Morpho,0.8694,0.0088,0.0628,0.0054,0.0348,0.0664,0.0084
Gamma0.8_MaxGreen2.0_AHE40.0_Median,0.8693,0.0133,0.0569,0.0033,0.0313,0.0584,0.0025
Gamma0.8_Grayscale_Unsharp1.5,0.8692,0.0111,0.0604,0.0086,0.0335,0.0689,0.006
GreenChannel_AHE40.0_Unsharp1.5,0.8689,0.0129,0.0461,0.0056,0.0252,0.0542,-0.0082
LABNorm_GreenChannel_AHE40.0_Unsharp1.5,0.8689,0.0136,0.0449,0.0059,0.0245,0.055,-0.0094
Gamma0.8_CLAHE4.0_Otsu,0.8688,0.0078,0.0416,0.0051,0.0227,0.0503,-0.0127
HistogramEq_GreenChannel_CLAHE4.0_Otsu,0.8688,0.0103,0.0421,0.0044,0.0229,0.051,-0.0122
HistogramEq_MaxGreen2.0_AHE40.0_Unsharp1.5,0.8686,0.0082,0.0475,0.0043,0.0258,0.062,-0.0068
BenGraham_AHE40.0_Otsu,0.8679,0.0118,0.0483,0.0076,0.0262,0.0562,-0.0058
Retinex_MaxGreen2.0_CLAHE4.0_Morpho,0.8677,0.0122,0.0604,0.0071,0.0332,0.0821,0.0063
BenGraham_Grayscale_CLAHE4.0,0.8676,0.0071,0.059,0.0049,0.0324,0.0758,0.005
BenGraham_GreenChannel_Median,0.8675,0.0087,0.0618,0.0087,0.0343,0.072,0.0078
HistogramEq_MaxGreen2.0_CLAHE4.0_Median,0.8673,0.0169,0.0623,0.0045,0.0345,0.0774,0.0083
BenGraham_GreenChannel_CLAHE4.0,0.8672,0.0093,0.0565,0.009,0.031,0.075,0.0025
BenGraham_GreenChannel_AHE40.0_Median,0.8668,0.0173,0.0602,0.0093,0.0332,0.0752,0.0063
BenGraham_Otsu,0.8664,0.0067,0.0494,0.0054,0.0268,0.0579,-0.0044
BenGraham_Grayscale_Otsu,0.8664,0.0067,0.0494,0.0054,0.0268,0.0579,-0.0044
LABNorm_GreenChannel_CLAHE4.0_Unsharp1.5,0.8664,0.0153,0.046,0.0052,0.0252,0.057,-0.0078
Retinex_Grayscale_Unsharp1.5,0.8663,0.0051,0.0591,0.0064,0.0328,0.0689,0.0053
BenGraham_GreenChannel_CLAHE4.0_Median,0.8659,0.0132,0.0636,0.0043,0.0352,0.0776,0.0099
BenGraham_Grayscale_AHE40.0,0.8659,0.0184,0.0535,0.0069,0.0292,0.0707,-0.0002
BenGraham_GreenChannel_AHE40.0,0.8658,0.0124,0.0534,0.0093,0.0291,0.0685,-0.0003
LABNorm_Grayscale_CLAHE4.0_Otsu,0.8657,0.0047,0.0391,0.0049,0.0214,0.0447,-0.0145
MaxGreen2.0_AHE40.0,0.8652,0.0136,0.0542,0.0056,0.0298,0.0618,0.0007
Retinex_Unsharp1.5,0.8652,0.0216,0.0639,0.004,0.0355,0.0761,0.0104
Retinex_Grayscale_CLAHE4.0_Unsharp1.5,0.8649,0.0065,0.0532,0.0044,0.0294,0.0626,-0.0003
HistogramEq_AHE40.0_Otsu,0.8649,0.009,0.046,0.0053,0.0252,0.0521,-0.0075
HistogramEq_MaxGreen2.0_Median,0.8649,0.0119,0.0645,0.0057,0.0357,0.0816,0.011
Retinex_CLAHE4.0_Unsharp1.5,0.8639,0.0182,0.0541,0.006,0.0299,0.0633,0.0009
HistogramEq_Grayscale_Otsu,0.8639,0.0148,0.0479,0.0064,0.0265,0.053,-0.0053
BenGraham_AHE40.0,0.8638,0.0127,0.0515,0.0075,0.0282,0.0651,-0.0017
LABNorm_GreenChannel_AHE40.0_Otsu,0.8638,0.0134,0.0456,0.0074,0.0249,0.0483,-0.0076
BenGraham_AHE40.0_Morpho,0.8635,0.0202,0.0505,0.0095,0.0281,0.0557,-0.0027
MaxGreen2.0_AHE40.0_Morpho,0.8633,0.0102,0.0485,0.0039,0.0263,0.0499,-0.0046
HistogramEq_MaxGreen2.0_Morpho,0.8633,0.0079,0.0606,0.0046,0.0335,0.0767,0.0075
Gamma0.8_GreenChannel_AHE40.0_Otsu,0.8631,0.0127,0.0453,0.0058,0.0248,0.0479,-0.0078
BenGraham_MaxGreen2.0_AHE40.0_Morpho,0.8629,0.0189,0.0457,0.0086,0.0249,0.0524,-0.0073
Gamma0.8_MaxGreen2.0_AHE40.0_Morpho,0.8629,0.0108,0.0503,0.0033,0.0273,0.053,-0.0027
Retinex_MaxGreen2.0_CLAHE4.0_Unsharp1.5,0.8629,0.0137,0.0554,0.0034,0.0303,0.0682,0.0024
MaxGreen2.0_AHE40.0_Median,0.8627,0.0128,0.0526,0.0032,0.0287,0.0497,-0.0004
LABNorm_MaxGreen2.0_AHE40.0_Morpho,0.8622,0.0108,0.0499,0.0046,0.0272,0.0521,-0.003
Gamma0.8_MaxGreen2.0_AHE40.0,0.8621,0.0136,0.0539,0.006,0.0295,0.0618,0.001
LABNorm_AHE40.0_Otsu,0.8614,0.0099,0.0391,0.005,0.0213,0.0447,-0.0136
AHE40.0_Otsu,0.8612,0.0102,0.0397,0.0053,0.0217,0.0456,-0.013
Retinex_MaxGreen2.0_CLAHE4.0_Otsu,0.8611,0.0082,0.0358,0.003,0.0192,0.0391,-0.0168
BenGraham_MaxGreen2.0_CLAHE4.0,0.8609,0.0164,0.0487,0.0053,0.0265,0.0671,-0.0039
HistogramEq_MaxGreen2.0_CLAHE4.0_Morpho,0.8609,0.0108,0.056,0.0041,0.0307,0.068,0.0034
LABNorm_MaxGreen2.0_AHE40.0_Unsharp1.5,0.8606,0.0079,0.0444,0.0032,0.024,0.0515,-0.0081
Grayscale_CLAHE4.0_Otsu,0.8605,0.0152,0.0415,0.005,0.0227,0.049,-0.011
Retinex_Grayscale_AHE40.0_Unsharp1.5,0.8603,0.013,0.0455,0.0054,0.0248,0.0622,-0.007
HistogramEq_MaxGreen2.0_Otsu,0.8603,0.0148,0.0474,0.0056,0.0261,0.0521,-0.0051
HistogramEq_CLAHE4.0_Otsu,0.8602,0.01,0.0395,0.0044,0.0215,0.0454,-0.0129
HistogramEq_MaxGreen2.0_AHE40.0_Otsu,0.8602,0.009,0.0432,0.0041,0.0236,0.0497,-0.0092
Retinex_MaxGreen2.0_Unsharp1.5,0.8601,0.0134,0.0653,0.0067,0.0363,0.0825,0.0129
Gamma0.8_Grayscale_CLAHE4.0_Otsu,0.8597,0.0137,0.0433,0.0041,0.0237,0.0467,-0.009
HistogramEq_GreenChannel_Otsu,0.8596,0.0185,0.045,0.0038,0.0248,0.0486,-0.0073
HistogramEq_MaxGreen2.0_CLAHE4.0_Unsharp1.5,0.8587,0.0102,0.0521,0.0065,0.0284,0.0669,-0.0
LABNorm_AHE40.0_Unsharp1.5,0.8587,0.0093,0.048,0.0061,0.0262,0.0544,-0.0041
HistogramEq_Grayscale_Unsharp1.5,0.8585,0.0191,0.0564,0.004,0.0309,0.0711,0.0043
HistogramEq_AHE40.0_Unsharp1.5,0.8571,0.0184,0.0527,0.0066,0.0288,0.0627,0.0009
BenGraham_GreenChannel_AHE40.0_Morpho,0.8568,0.0188,0.0513,0.0053,0.0282,0.0571,-0.0004
GreenChannel_AHE40.0_Otsu,0.8567,0.0144,0.046,0.0072,0.0252,0.0499,-0.0057
MaxGreen2.0_AHE40.0_Unsharp1.5,0.8556,0.0093,0.0424,0.0032,0.0229,0.0519,-0.009
BenGraham_MaxGreen2.0_AHE40.0_Otsu,0.8554,0.0119,0.0407,0.0087,0.0219,0.049,-0.0107
BenGraham_MaxGreen2.0_CLAHE4.0_Otsu,0.855,0.0119,0.0411,0.0053,0.0222,0.0418,-0.0102
Gamma0.8_AHE40.0_Unsharp1.5,0.855,0.0112,0.0497,0.0073,0.0272,0.0595,-0.0016
AHE40.0_Unsharp1.5,0.8547,0.0117,0.0481,0.0063,0.0263,0.0524,-0.0031
CLAHE4.0_Otsu,0.8543,0.0112,0.0351,0.0048,0.019,0.0405,-0.0161
LABNorm_CLAHE4.0_Otsu,0.8542,0.0108,0.0363,0.0037,0.0197,0.0441,-0.0148
HistogramEq_Grayscale_CLAHE4.0_Otsu,0.854,0.0117,0.0401,0.0041,0.0219,0.049,-0.011
BenGraham_GreenChannel_Unsharp1.5,0.8538,0.0221,0.0519,0.0077,0.0282,0.0586,0.0008
Retinex_Grayscale_CLAHE4.0_Otsu,0.8536,0.0068,0.0327,0.0076,0.0177,0.0309,-0.0183
Retinex_MaxGreen2.0_AHE40.0_Unsharp1.5,0.8523,0.0178,0.0411,0.0039,0.0222,0.0439,-0.0096
BenGraham_Unsharp1.5,0.8519,0.0178,0.0489,0.0055,0.0267,0.0537,-0.0017
LABNorm_GreenChannel_Otsu,0.8507,0.0085,0.0466,0.003,0.0253,0.0465,-0.0038
HistogramEq_MaxGreen2.0,0.8505,0.0154,0.0624,0.0062,0.0346,0.0772,0.0121
HistogramEq_MaxGreen2.0_CLAHE4.0_Otsu,0.8481,0.0098,0.0414,0.0056,0.0226,0.0476,-0.0084
HistogramEq_Unsharp1.5,0.8461,0.0218,0.0592,0.0037,0.0326,0.0781,0.0098
BenGraham_GreenChannel_CLAHE4.0_Unsharp1.5,0.8428,0.0128,0.0456,0.0063,0.0247,0.053,-0.0031
BenGraham_Grayscale_Unsharp1.5,0.8423,0.0155,0.0485,0.0063,0.0263,0.0526,-0.0001
Gamma0.8_MaxGreen2.0_CLAHE4.0_Otsu,0.8414,0.0087,0.0358,0.0035,0.0193,0.0351,-0.0126
Retinex_GreenChannel_AHE40.0_Unsharp1.5,0.8411,0.0191,0.0462,0.0087,0.0253,0.06,-0.0021
BenGraham_GreenChannel_Otsu,0.8409,0.0123,0.0498,0.0061,0.0271,0.07,0.0015
BenGraham_MaxGreen2.0_CLAHE4.0_Unsharp1.5,0.8403,0.012,0.0419,0.0032,0.0226,0.0454,-0.0062
Gamma0.8_GreenChannel_CLAHE4.0_Otsu,0.8394,0.0181,0.0439,0.0057,0.024,0.0461,-0.004
LABNorm_MaxGreen2.0_AHE40.0_Otsu,0.8394,0.011,0.0354,0.0052,0.0191,0.0387,-0.0125
MaxGreen2.0_AHE40.0_Otsu,0.839,0.0079,0.0367,0.0047,0.0198,0.038,-0.0111
LABNorm_GreenChannel_CLAHE4.0_Otsu,0.8387,0.0178,0.0454,0.0061,0.0249,0.0432,-0.0024
LABNorm_MaxGreen2.0_CLAHE4.0_Otsu,0.8387,0.0095,0.038,0.004,0.0205,0.0382,-0.0098
GreenChannel_Otsu,0.8375,0.0098,0.0461,0.0046,0.0251,0.0506,-0.0014
BenGraham_MaxGreen2.0_AHE40.0_Unsharp1.5,0.8363,0.0156,0.0407,0.0069,0.0219,0.0441,-0.0066
GreenChannel_CLAHE4.0_Otsu,0.8355,0.0204,0.0436,0.0061,0.0239,0.0418,-0.0035
Gamma0.8_GreenChannel_Otsu,0.8355,0.0103,0.0395,0.0027,0.0212,0.0389,-0.0076
Gamma0.8_MaxGreen2.0_AHE40.0_Otsu,0.8346,0.0101,0.0373,0.0054,0.0202,0.0394,-0.0096
MaxGreen2.0_CLAHE4.0_Otsu,0.8336,0.0087,0.0354,0.0032,0.0191,0.0302,-0.0113
BenGraham_AHE40.0_Unsharp1.5,0.8322,0.0244,0.0454,0.0082,0.0247,0.0474,-0.001
BenGraham_GreenChannel_AHE40.0_Unsharp1.5,0.8283,0.02,0.0458,0.0063,0.0249,0.0479,0.0003
Grayscale_Otsu,0.8282,0.0135,0.0444,0.0033,0.0239,0.0354,-0.0011
Otsu,0.8281,0.0136,0.0444,0.0033,0.0239,0.0354,-0.0011
Gamma0.8_Otsu,0.8271,0.0092,0.0385,0.0032,0.0206,0.0382,-0.0068
Gamma0.8_Grayscale_Otsu,0.8271,0.0092,0.0385,0.0032,0.0206,0.038,-0.0068
HistogramEq_MaxGreen2.0_Unsharp1.5,0.8267,0.0282,0.0596,0.0059,0.0328,0.0712,0.0144
BenGraham_Grayscale_AHE40.0_Unsharp1.5,0.824,0.0153,0.0438,0.0072,0.0237,0.0559,-0.0008
Retinex_GreenChannel_Otsu,0.8235,0.0105,0.0345,0.0027,0.0185,0.0358,-0.01
Retinex_Canny,0.8231,0.0049,0.0318,0.0027,0.0172,0.04,-0.0126
Retinex_Grayscale_Canny,0.823,0.0048,0.0318,0.0027,0.0172,0.04,-0.0126
Retinex_GreenChannel_Canny,0.8228,0.0088,0.03,0.0025,0.016,0.0344,-0.0143
Retinex_Grayscale_Otsu,0.8203,0.0117,0.0361,0.0021,0.0195,0.0389,-0.0077
BenGraham_Grayscale_CLAHE4.0_Unsharp1.5,0.8201,0.0143,0.0422,0.0081,0.0227,0.042,-0.0015
LABNorm_Otsu,0.8155,0.0104,0.0413,0.0025,0.0222,0.0327,-0.0014
LABNorm_Grayscale_Otsu,0.8155,0.0104,0.0413,0.0025,0.0222,0.0327,-0.0014
Gamma0.8_GreenChannel_AHE40.0_Canny,0.8016,0.0181,0.0255,0.0025,0.0135,0.0284,-0.0142
Retinex_AHE40.0_Canny,0.801,0.0158,0.0306,0.0047,0.0164,0.0324,-0.009
LABNorm_GreenChannel_AHE40.0_Canny,0.7998,0.0123,0.0283,0.004,0.0151,0.0302,-0.011
GreenChannel_AHE40.0_Canny,0.7976,0.0187,0.0251,0.0033,0.0133,0.0275,-0.0138
Retinex_MaxGreen2.0_Frangi,0.7967,0.0249,0.0283,0.0021,0.015,0.0268,-0.0104
GreenChannel_Canny,0.7963,0.0179,0.0303,0.0027,0.0162,0.0293,-0.0083
HistogramEq_Grayscale_CLAHE4.0_Canny,0.7954,0.0133,0.0278,0.0047,0.0147,0.03,-0.0106
HistogramEq_GreenChannel_Canny,0.7942,0.0174,0.0238,0.0035,0.0127,0.0195,-0.0143
Gamma0.8_MaxGreen2.0_Otsu,0.7941,0.0158,0.0379,0.0026,0.0203,0.0398,-0.0002
HistogramEq_GreenChannel_CLAHE4.0_Canny,0.7922,0.0253,0.0268,0.003,0.0142,0.0264,-0.0109
Retinex_Grayscale_Frangi,0.7914,0.0136,0.0245,0.0028,0.013,0.026,-0.013
HistogramEq_MaxGreen2.0_AHE40.0_Canny,0.791,0.0208,0.0303,0.004,0.0162,0.0271,-0.0071
HistogramEq_CLAHE4.0_Canny,0.7909,0.0155,0.0244,0.0033,0.0129,0.0213,-0.013
Gamma0.8_GreenChannel_CLAHE4.0_Canny,0.7908,0.0226,0.0285,0.0029,0.0152,0.0291,-0.0089
LABNorm_MaxGreen2.0_Otsu,0.7908,0.0214,0.036,0.0039,0.0192,0.0309,-0.0014
Retinex_MaxGreen2.0_Canny,0.7905,0.022,0.033,0.0026,0.0179,0.0383,-0.0043
Retinex_GreenChannel_AHE40.0_Canny,0.7897,0.0149,0.0299,0.004,0.016,0.0286,-0.0072
HistogramEq_AHE40.0_Canny,0.7894,0.0241,0.0303,0.0034,0.0161,0.0306,-0.0068
Retinex_GreenChannel_CLAHE4.0_Canny,0.7872,0.0277,0.0269,0.0029,0.0144,0.0309,-0.0097
Gamma0.8_AHE40.0_Canny,0.7871,0.018,0.0268,0.005,0.0143,0.0306,-0.0098
LABNorm_GreenChannel_CLAHE4.0_Canny,0.7859,0.0252,0.0257,0.0036,0.0136,0.0336,-0.0106
Gamma0.8_Canny,0.7854,0.0192,0.0349,0.0022,0.0188,0.0389,-0.0013
Gamma0.8_Grayscale_Canny,0.7854,0.0192,0.0349,0.0022,0.0188,0.0391,-0.0013
LABNorm_AHE40.0_Canny,0.7851,0.0199,0.031,0.0041,0.0166,0.0302,-0.0052
LABNorm_Grayscale_AHE40.0_Canny,0.7831,0.0237,0.0279,0.0039,0.0149,0.0349,-0.0078
HistogramEq_MaxGreen2.0_CLAHE4.0_Canny,0.7819,0.022,0.0247,0.0038,0.0131,0.0197,-0.0108
LABNorm_MaxGreen2.0_AHE40.0_Canny,0.7807,0.0101,0.0245,0.005,0.0133,0.0168,-0.0107
HistogramEq_MaxGreen2.0_Canny,0.7801,0.0162,0.0263,0.0039,0.014,0.019,-0.0088
LABNorm_CLAHE4.0_Canny,0.7801,0.0213,0.0318,0.0046,0.0171,0.032,-0.0033
Retinex_Grayscale_CLAHE4.0_Canny,0.7792,0.0374,0.0311,0.0036,0.0167,0.0345,-0.0038
GreenChannel_CLAHE4.0_Canny,0.7783,0.0241,0.0258,0.0028,0.0137,0.0273,-0.0089
Grayscale_CLAHE4.0_Canny,0.7775,0.0215,0.0257,0.0046,0.0137,0.0275,-0.0088
LABNorm_GreenChannel_CLAHE4.0_Frangi,0.7773,0.0084,0.018,0.0019,0.0096,0.0222,-0.0165
HistogramEq_Grayscale_Canny,0.777,0.0161,0.0223,0.0024,0.0118,0.0188,-0.0121
LABNorm_GreenChannel_Canny,0.776,0.0212,0.0307,0.0033,0.0164,0.0311,-0.0035
LABNorm_Grayscale_CLAHE4.0_Canny,0.7732,0.0232,0.0263,0.0024,0.014,0.0304,-0.0073
Gamma0.8_MaxGreen2.0_Canny,0.7726,0.0118,0.0433,0.0026,0.0238,0.0441,0.0099
HistogramEq_GreenChannel_AHE40.0_Canny,0.7711,0.0252,0.0267,0.0028,0.0141,0.0262,-0.0064
Gamma0.8_GreenChannel_Canny,0.7709,0.0161,0.0319,0.0035,0.0172,0.0284,-0.0012
AHE40.0_Canny,0.7707,0.025,0.0279,0.0032,0.0149,0.0273,-0.0051
HistogramEq_Grayscale_AHE40.0_Canny,0.7692,0.0284,0.0277,0.0026,0.0148,0.0289,-0.005
Retinex_GreenChannel_AHE40.0_Frangi,0.7689,0.0188,0.0244,0.0018,0.0128,0.0197,-0.0082
MaxGreen2.0_AHE40.0_Canny,0.7686,0.0158,0.0241,0.0037,0.0128,0.021,-0.0085
Gamma0.8_Grayscale_CLAHE4.0_Canny,0.7667,0.0225,0.0255,0.0014,0.0136,0.0282,-0.0067
Retinex_MaxGreen2.0_CLAHE4.0_Canny,0.7649,0.0286,0.0304,0.0034,0.0162,0.0333,-0.0014
LABNorm_Canny,0.7626,0.0223,0.0342,0.0047,0.0184,0.0392,0.0029
Gamma0.8_MaxGreen2.0_CLAHE4.0_Canny,0.7608,0.022,0.0221,0.0032,0.0117,0.0217,-0.0088
Canny,0.7601,0.0264,0.0341,0.0036,0.0183,0.0398,0.0034
Grayscale_Canny,0.7601,0.0265,0.0341,0.0036,0.0183,0.0398,0.0034
Grayscale_AHE40.0_Canny,0.7597,0.0273,0.0275,0.0045,0.0146,0.0298,-0.0031
LABNorm_MaxGreen2.0_AHE40.0_Frangi,0.7591,0.0275,0.0283,0.0024,0.015,0.0295,-0.0022
Retinex_AHE40.0_Frangi,0.759,0.0303,0.0259,0.0024,0.0137,0.0221,-0.0046
HistogramEq_Frangi,0.7581,0.024,0.0246,0.0028,0.0131,0.0157,-0.0057
HistogramEq_Grayscale_Frangi,0.7581,0.024,0.0246,0.0028,0.0131,0.0157,-0.0057
CLAHE4.0_Canny,0.7554,0.0232,0.0274,0.0033,0.0147,0.0297,-0.0023
LABNorm_GreenChannel_AHE40.0_Frangi,0.7551,0.0124,0.0211,0.0015,0.0112,0.019,-0.0085
Gamma0.8_GreenChannel_Frangi,0.7533,0.0176,0.0164,0.0032,0.0086,0.0143,-0.0129
LABNorm_MaxGreen2.0_CLAHE4.0_Canny,0.753,0.0111,0.0176,0.0022,0.0093,0.0141,-0.0116
GreenChannel_CLAHE4.0_Frangi,0.7521,0.0169,0.0186,0.0022,0.0098,0.0217,-0.0104
BenGraham_GreenChannel_Frangi,0.752,0.0211,0.0178,0.0027,0.0093,0.0213,-0.0112
LABNorm_AHE40.0_Frangi,0.7507,0.018,0.0256,0.0028,0.0136,0.0284,-0.0031
GreenChannel_AHE40.0_Frangi,0.7497,0.0175,0.0239,0.0032,0.0127,0.021,-0.0046
Retinex_Grayscale_AHE40.0_Canny,0.7485,0.0348,0.0338,0.0042,0.0181,0.0376,0.0056
Retinex_MaxGreen2.0_CLAHE4.0_Frangi,0.7483,0.0211,0.0184,0.0022,0.0097,0.0184,-0.0098
Gamma0.8_GreenChannel_CLAHE4.0_Frangi,0.7482,0.014,0.0192,0.0023,0.0102,0.0201,-0.0089
Gamma0.8_CLAHE4.0_Frangi,0.7477,0.0163,0.0195,0.0019,0.0103,0.0224,-0.0085
HistogramEq_GreenChannel_Frangi,0.747,0.0213,0.0216,0.0021,0.0114,0.0195,-0.0063
GreenChannel_Frangi,0.7452,0.0265,0.0169,0.0022,0.0089,0.0174,-0.0106
Retinex_Grayscale_CLAHE4.0_Frangi,0.7444,0.0237,0.0191,0.0021,0.01,0.021,-0.0082
LABNorm_GreenChannel_Frangi,0.7442,0.0293,0.0174,0.0025,0.0092,0.0154,-0.0099
BenGraham_GreenChannel_Canny,0.7419,0.0229,0.0245,0.0035,0.0133,0.0288,-0.0023
HistogramEq_GreenChannel_AHE40.0_Frangi,0.7412,0.0106,0.028,0.0018,0.0149,0.0298,0.0014
MaxGreen2.0_CLAHE4.0_Canny,0.7407,0.0116,0.0193,0.0022,0.0102,0.0179,-0.0072
CLAHE4.0_Frangi,0.7391,0.0119,0.0212,0.0023,0.0112,0.0241,-0.005
Gamma0.8_GreenChannel_AHE40.0_Frangi,0.7391,0.0149,0.0229,0.0026,0.0121,0.0195,-0.0033
HistogramEq_Grayscale_CLAHE4.0_Frangi,0.7379,0.0256,0.0202,0.0027,0.0106,0.0195,-0.0057
HistogramEq_Grayscale_AHE40.0_Frangi,0.7375,0.0175,0.0227,0.0024,0.0121,0.0304,-0.0031
AHE40.0_Frangi,0.7369,0.0084,0.0247,0.003,0.013,0.0293,-0.001
LABNorm_Grayscale_AHE40.0_Frangi,0.7343,0.0176,0.0234,0.0017,0.0124,0.0226,-0.0017
HistogramEq_MaxGreen2.0_Frangi,0.7342,0.0231,0.024,0.004,0.0127,0.0168,-0.0011
Gamma0.8_MaxGreen2.0_AHE40.0_Frangi,0.7341,0.021,0.0235,0.0026,0.0125,0.0235,-0.0016
MaxGreen2.0_AHE40.0_Frangi,0.733,0.0347,0.0268,0.0032,0.0143,0.0288,0.002
LABNorm_CLAHE4.0_Frangi,0.7312,0.014,0.0214,0.002,0.0113,0.028,-0.0031
HistogramEq_CLAHE4.0_Frangi,0.7301,0.0231,0.0221,0.002,0.0116,0.023,-0.0021
BenGraham_GreenChannel_AHE40.0_Canny,0.7293,0.0266,0.033,0.0026,0.0179,0.0423,0.009
Gamma0.8_AHE40.0_Frangi,0.7291,0.0121,0.0237,0.0027,0.0125,0.0215,-0.0003
Retinex_Grayscale_AHE40.0_Frangi,0.7283,0.0325,0.0282,0.0026,0.015,0.023,0.0044
BenGraham_Grayscale_AHE40.0_Frangi,0.7263,0.0475,0.0221,0.0024,0.0116,0.0222,-0.0013
Grayscale_AHE40.0_Frangi,0.7256,0.0121,0.0238,0.0031,0.0126,0.0195,0.0006
BenGraham_GreenChannel_AHE40.0_Frangi,0.7254,0.0241,0.0239,0.0032,0.0126,0.0163,0.0007
HistogramEq_GreenChannel_CLAHE4.0_Frangi,0.7236,0.0126,0.0254,0.002,0.0135,0.0224,0.0026
BenGraham_GreenChannel_CLAHE4.0_Frangi,0.7223,0.0155,0.0204,0.0029,0.0107,0.0204,-0.0021
HistogramEq_AHE40.0_Frangi,0.7164,0.016,0.0235,0.0024,0.0124,0.0269,0.0023
BenGraham_GreenChannel_CLAHE4.0_Canny,0.7161,0.0234,0.0243,0.0032,0.013,0.021,0.0031
Gamma0.8_MaxGreen2.0_CLAHE4.0_Frangi,0.7132,0.0283,0.0183,0.0018,0.0097,0.0241,-0.0023
MaxGreen2.0_Canny,0.7126,0.0281,0.0385,0.0029,0.021,0.0353,0.0181
HistogramEq_MaxGreen2.0_AHE40.0_Frangi,0.7126,0.0158,0.0213,0.0018,0.0112,0.0297,0.0009
BenGraham_AHE40.0_Frangi,0.7121,0.0327,0.0192,0.0025,0.0101,0.023,-0.0011
BenGraham_Grayscale_CLAHE4.0_Frangi,0.71,0.0394,0.0251,0.0032,0.0133,0.0273,0.0052
BenGraham_Grayscale_CLAHE4.0_Canny,0.7087,0.0383,0.0268,0.0029,0.0143,0.0344,0.0072
HistogramEq_MaxGreen2.0_CLAHE4.0_Frangi,0.7073,0.0338,0.0274,0.0042,0.0146,0.0212,0.0081
BenGraham_MaxGreen2.0_Canny,0.7059,0.0169,0.0185,0.0035,0.0098,0.0212,-0.0005
BenGraham_Grayscale_Frangi,0.7056,0.0296,0.0205,0.0048,0.0108,0.0237,0.0016
BenGraham_Frangi,0.7055,0.0296,0.0205,0.0048,0.0108,0.0235,0.0016
BenGraham_Canny,0.7051,0.0305,0.0227,0.0028,0.0122,0.0266,0.0039
BenGraham_Grayscale_Canny,0.7051,0.0305,0.0227,0.0029,0.0122,0.0266,0.0039
BenGraham_CLAHE4.0_Canny,0.7024,0.037,0.03,0.0035,0.0161,0.0344,0.0118
Gamma0.8_Frangi,0.7008,0.035,0.0172,0.0017,0.009,0.021,-0.0007
Gamma0.8_Grayscale_Frangi,0.7008,0.035,0.0172,0.0017,0.009,0.021,-0.0007
Gamma0.8_Grayscale_AHE40.0_Frangi,0.6999,0.0234,0.0261,0.0024,0.0139,0.0278,0.0084
Grayscale_CLAHE4.0_Frangi,0.6986,0.0227,0.0188,0.0023,0.0099,0.0291,0.0014
LABNorm_Grayscale_CLAHE4.0_Frangi,0.6944,0.022,0.0184,0.0021,0.0097,0.0219,0.0019
BenGraham_CLAHE4.0_Frangi,0.6895,0.0206,0.0216,0.0024,0.0114,0.0282,0.0062
BenGraham_MaxGreen2.0_CLAHE4.0_Frangi,0.6863,0.0475,0.0217,0.0034,0.0115,0.0282,0.007
BenGraham_Grayscale_AHE40.0_Canny,0.6772,0.0523,0.0324,0.0032,0.0174,0.042,0.0197
LABNorm_MaxGreen2.0_CLAHE4.0_Frangi,0.6732,0.0364,0.0204,0.0026,0.0107,0.0242,0.0085
MaxGreen2.0_CLAHE4.0_Frangi,0.6681,0.0266,0.0212,0.0032,0.0112,0.0264,0.0104
BenGraham_MaxGreen2.0_AHE40.0_Canny,0.6626,0.0591,0.0347,0.0031,0.0187,0.0365,0.0251
Frangi,0.6442,0.035,0.0194,0.0027,0.0102,0.021,0.0138
Grayscale_Frangi,0.6442,0.035,0.0194,0.0027,0.0102,0.021,0.0138
BenGraham_MaxGreen2.0_Frangi,0.6425,0.0407,0.0205,0.003,0.0108,0.0266,0.0153
Gamma0.8_MaxGreen2.0_Frangi,0.6377,0.0403,0.0184,0.0032,0.0097,0.0193,0.0142
LABNorm_Grayscale_Frangi,0.6199,0.0462,0.0197,0.0035,0.0104,0.0295,0.0194
LABNorm_Frangi,0.6198,0.0462,0.0197,0.0035,0.0104,0.0295,0.0194
MaxGreen2.0_Frangi,0.5673,0.0464,0.0208,0.0028,0.011,0.023,0.0319
LABNorm_MaxGreen2.0_Frangi,0.5518,0.0661,0.0221,0.0026,0.0117,0.0235,0.0366
