filtro,repeticao,metodo_xai,auc,dice,iou,pointing_game,sensibilidade,especificidade
BenGraham_GreenChannel_CLAHE4.0_Otsu,10,gradcam,0.8699,0.0702,0.039,0.1,0.8017,0.8085
BenGraham_GreenChannel_CLAHE4.0_Otsu,10,lime,0.8699,0.0485,0.0269,0.0,0.8017,0.8085
BenGraham_GreenChannel_CLAHE4.0_Otsu,10,occlusion,0.8699,0.0446,0.0242,0.07,0.8017,0.8085
BenGraham_GreenChannel_CLAHE4.0_Otsu,11,gradcam,0.8492,0.0635,0.0348,0.07,0.8824,0.5532
BenGraham_GreenChannel_CLAHE4.0_Otsu,11,lime,0.8492,0.0532,0.0297,0.0,0.8824,0.5532
BenGraham_GreenChannel_CLAHE4.0_Otsu,11,occlusion,0.8492,0.0635,0.0349,0.05,0.8824,0.5532
BenGraham_GreenChannel_CLAHE4.0_Otsu,12,gradcam,0.8438,0.0708,0.0392,0.12,0.7516,0.7872
BenGraham_GreenChannel_CLAHE4.0_Otsu,12,lime,0.8438,0.0504,0.0279,0.0,0.7516,0.7872
BenGraham_GreenChannel_CLAHE4.0_Otsu,12,occlusion,0.8438,0.0496,0.0271,0.06,0.7516,0.7872
BenGraham_GreenChannel_CLAHE4.0_Otsu,13,gradcam,0.8784,0.0733,0.0408,0.12,0.8649,0.6596
BenGraham_GreenChannel_CLAHE4.0_Otsu,13,lime,0.8784,0.052,0.0288,0.01,0.8649,0.6596
BenGraham_GreenChannel_CLAHE4.0_Otsu,13,occlusion,0.8784,0.0683,0.0388,0.08,0.8649,0.6596
BenGraham_GreenChannel_CLAHE4.0_Otsu,14,gradcam,0.8779,0.0734,0.0407,0.1,0.9129,0.5957
BenGraham_GreenChannel_CLAHE4.0_Otsu,14,lime,0.8779,0.0539,0.0301,0.0,0.9129,0.5957
BenGraham_GreenChannel_CLAHE4.0_Otsu,14,occlusion,0.8779,0.0483,0.0264,0.03,0.9129,0.5957
BenGraham_GreenChannel_CLAHE4.0_Otsu,15,gradcam,0.8485,0.0628,0.0343,0.11,0.8671,0.4787
BenGraham_GreenChannel_CLAHE4.0_Otsu,15,lime,0.8485,0.0503,0.028,0.0,0.8671,0.4787
BenGraham_GreenChannel_CLAHE4.0_Otsu,15,occlusion,0.8485,0.0622,0.0341,0.09,0.8671,0.4787
BenGraham_GreenChannel_CLAHE4.0_Otsu,16,gradcam,0.8733,0.0542,0.0293,0.09,0.7298,0.9043
BenGraham_GreenChannel_CLAHE4.0_Otsu,16,lime,0.8733,0.0508,0.0281,0.0,0.7298,0.9043
BenGraham_GreenChannel_CLAHE4.0_Otsu,16,occlusion,0.8733,0.034,0.0181,0.05,0.7298,0.9043
BenGraham_GreenChannel_CLAHE4.0_Otsu,17,gradcam,0.8667,0.0796,0.0454,0.14,0.8606,0.6383
BenGraham_GreenChannel_CLAHE4.0_Otsu,17,lime,0.8667,0.0509,0.0283,0.0,0.8606,0.6383
BenGraham_GreenChannel_CLAHE4.0_Otsu,17,occlusion,0.8667,0.048,0.0265,0.04,0.8606,0.6383
BenGraham_GreenChannel_CLAHE4.0_Otsu,18,gradcam,0.8469,0.082,0.0473,0.13,0.841,0.6064
BenGraham_GreenChannel_CLAHE4.0_Otsu,18,lime,0.8469,0.0515,0.0285,0.0,0.841,0.6064
BenGraham_GreenChannel_CLAHE4.0_Otsu,18,occlusion,0.8469,0.0633,0.0349,0.07,0.841,0.6064
BenGraham_GreenChannel_CLAHE4.0_Otsu,19,gradcam,0.8756,0.0776,0.043,0.13,0.8366,0.734
BenGraham_GreenChannel_CLAHE4.0_Otsu,19,lime,0.8756,0.0511,0.0283,0.0,0.8366,0.734
BenGraham_GreenChannel_CLAHE4.0_Otsu,19,occlusion,0.8756,0.043,0.0233,0.02,0.8366,0.734
BenGraham_MaxGreen2.0,10,gradcam,0.8806,0.0583,0.0323,0.06,0.8453,0.7234
BenGraham_MaxGreen2.0,10,lime,0.8806,0.0341,0.018,0.02,0.8453,0.7234
BenGraham_MaxGreen2.0,10,occlusion,0.8806,0.0422,0.0228,0.03,0.8453,0.7234
BenGraham_MaxGreen2.0,16,gradcam,0.8865,0.082,0.0476,0.09,0.878,0.7128
BenGraham_MaxGreen2.0,16,lime,0.8865,0.0566,0.0313,0.03,0.878,0.7128
BenGraham_MaxGreen2.0,16,occlusion,0.8865,0.0509,0.0275,0.08,0.878,0.7128
BenGraham_MaxGreen2.0,17,gradcam,0.8953,0.071,0.0401,0.08,0.8932,0.734
BenGraham_MaxGreen2.0,17,lime,0.8953,0.047,0.0254,0.03,0.8932,0.734
BenGraham_MaxGreen2.0,17,occlusion,0.8953,0.0443,0.0241,0.04,0.8932,0.734
BenGraham_MaxGreen2.0,19,gradcam,0.8747,0.0758,0.0433,0.09,0.8562,0.734
BenGraham_MaxGreen2.0,19,lime,0.8747,0.0402,0.0213,0.03,0.8562,0.734
BenGraham_MaxGreen2.0,19,occlusion,0.8747,0.034,0.0183,0.03,0.8562,0.734
BenGraham_MaxGreen2.0_Canny,10,gradcam,0.7457,0.0165,0.0086,0.01,0.5163,0.9043
BenGraham_MaxGreen2.0_Canny,10,lime,0.7457,0.0283,0.0148,0.01,0.5163,0.9043
BenGraham_MaxGreen2.0_Canny,10,occlusion,0.7457,0.0212,0.011,0.02,0.5163,0.9043
BenGraham_MaxGreen2.0_Canny,11,gradcam,0.6989,0.0204,0.0108,0.05,0.329,1.0
BenGraham_MaxGreen2.0_Canny,11,lime,0.6989,0.0244,0.0128,0.01,0.329,1.0
BenGraham_MaxGreen2.0_Canny,11,occlusion,0.6989,0.0303,0.0161,0.05,0.329,1.0
BenGraham_MaxGreen2.0_Canny,12,gradcam,0.6958,0.0154,0.008,0.0,0.6885,0.5532
BenGraham_MaxGreen2.0_Canny,12,lime,0.6958,0.0293,0.0155,0.01,0.6885,0.5532
BenGraham_MaxGreen2.0_Canny,12,occlusion,0.6958,0.0361,0.0192,0.02,0.6885,0.5532
BenGraham_MaxGreen2.0_Canny,13,gradcam,0.7051,0.0219,0.0116,0.02,0.6623,0.6277
BenGraham_MaxGreen2.0_Canny,13,lime,0.7051,0.0381,0.0207,0.02,0.6623,0.6277
BenGraham_MaxGreen2.0_Canny,13,occlusion,0.7051,0.035,0.0186,0.05,0.6623,0.6277
BenGraham_MaxGreen2.0_Canny,14,gradcam,0.684,0.0166,0.0086,0.01,0.7603,0.3936
BenGraham_MaxGreen2.0_Canny,14,lime,0.684,0.0442,0.0239,0.0,0.7603,0.3936
BenGraham_MaxGreen2.0_Canny,14,occlusion,0.684,0.0451,0.0245,0.05,0.7603,0.3936
BenGraham_MaxGreen2.0_Canny,15,gradcam,0.7608,0.0186,0.0097,0.03,0.5969,0.8298
BenGraham_MaxGreen2.0_Canny,15,lime,0.7608,0.0298,0.0158,0.01,0.5969,0.8298
BenGraham_MaxGreen2.0_Canny,15,occlusion,0.7608,0.0404,0.0223,0.03,0.5969,0.8298
BenGraham_MaxGreen2.0_Canny,16,gradcam,0.7396,0.0167,0.0087,0.04,0.5926,0.8191
BenGraham_MaxGreen2.0_Canny,16,lime,0.7396,0.0423,0.0228,0.04,0.5926,0.8191
BenGraham_MaxGreen2.0_Canny,16,occlusion,0.7396,0.0551,0.0304,0.03,0.5926,0.8191
BenGraham_MaxGreen2.0_Canny,18,gradcam,0.7243,0.0145,0.0075,0.02,0.7429,0.5213
BenGraham_MaxGreen2.0_Canny,18,lime,0.7243,0.0259,0.0135,0.0,0.7429,0.5213
BenGraham_MaxGreen2.0_Canny,18,occlusion,0.7243,0.0511,0.0278,0.02,0.7429,0.5213
BenGraham_MaxGreen2.0_Canny,19,gradcam,0.7269,0.013,0.0068,0.01,0.4401,0.9362
BenGraham_MaxGreen2.0_Canny,19,lime,0.7269,0.0379,0.0204,0.02,0.4401,0.9362
BenGraham_MaxGreen2.0_Canny,19,occlusion,0.7269,0.0145,0.0075,0.01,0.4401,0.9362
Gamma0.8_MaxGreen2.0_Otsu,10,gradcam,0.7873,0.0351,0.0187,0.02,0.8366,0.5319
Gamma0.8_MaxGreen2.0_Otsu,10,lime,0.7873,0.0498,0.0272,0.01,0.8366,0.5319
Gamma0.8_MaxGreen2.0_Otsu,10,occlusion,0.7873,0.0275,0.0146,0.04,0.8366,0.5319
Gamma0.8_MaxGreen2.0_Otsu,11,gradcam,0.7769,0.0385,0.0204,0.04,0.7495,0.6702
Gamma0.8_MaxGreen2.0_Otsu,11,lime,0.7769,0.0451,0.0244,0.06,0.7495,0.6702
Gamma0.8_MaxGreen2.0_Otsu,11,occlusion,0.7769,0.0219,0.0115,0.03,0.7495,0.6702
Gamma0.8_MaxGreen2.0_Otsu,12,gradcam,0.7952,0.0419,0.0224,0.05,0.8039,0.617
Gamma0.8_MaxGreen2.0_Otsu,12,lime,0.7952,0.0503,0.0276,0.02,0.8039,0.617
Gamma0.8_MaxGreen2.0_Otsu,12,occlusion,0.7952,0.0262,0.0141,0.01,0.8039,0.617
Gamma0.8_MaxGreen2.0_Otsu,13,gradcam,0.797,0.0392,0.0209,0.0,0.7081,0.734
Gamma0.8_MaxGreen2.0_Otsu,13,lime,0.797,0.0483,0.0263,0.05,0.7081,0.734
Gamma0.8_MaxGreen2.0_Otsu,13,occlusion,0.797,0.0195,0.0101,0.02,0.7081,0.734
Gamma0.8_MaxGreen2.0_Otsu,14,gradcam,0.804,0.0397,0.0212,0.03,0.7887,0.617
Gamma0.8_MaxGreen2.0_Otsu,14,lime,0.804,0.045,0.0244,0.02,0.7887,0.617
Gamma0.8_MaxGreen2.0_Otsu,14,occlusion,0.804,0.0368,0.0197,0.02,0.7887,0.617
Gamma0.8_MaxGreen2.0_Otsu,15,gradcam,0.7931,0.04,0.0215,0.03,0.7429,0.7234
Gamma0.8_MaxGreen2.0_Otsu,15,lime,0.7931,0.0445,0.0241,0.02,0.7429,0.7234
Gamma0.8_MaxGreen2.0_Otsu,15,occlusion,0.7931,0.0184,0.0095,0.01,0.7429,0.7234
Gamma0.8_MaxGreen2.0_Otsu,16,gradcam,0.7933,0.0402,0.0214,0.02,0.7843,0.6383
Gamma0.8_MaxGreen2.0_Otsu,16,lime,0.7933,0.0405,0.0217,0.01,0.7843,0.6383
Gamma0.8_MaxGreen2.0_Otsu,16,occlusion,0.7933,0.0155,0.008,0.03,0.7843,0.6383
Gamma0.8_MaxGreen2.0_Otsu,17,gradcam,0.7828,0.0468,0.0254,0.03,0.8105,0.5
Gamma0.8_MaxGreen2.0_Otsu,17,lime,0.7828,0.0443,0.024,0.04,0.8105,0.5
Gamma0.8_MaxGreen2.0_Otsu,17,occlusion,0.7828,0.0377,0.0204,0.01,0.8105,0.5
Gamma0.8_MaxGreen2.0_Otsu,18,gradcam,0.7845,0.0476,0.0258,0.05,0.7821,0.6064
Gamma0.8_MaxGreen2.0_Otsu,18,lime,0.7845,0.0497,0.027,0.04,0.7821,0.6064
Gamma0.8_MaxGreen2.0_Otsu,18,occlusion,0.7845,0.0283,0.0149,0.03,0.7821,0.6064
Gamma0.8_MaxGreen2.0_Otsu,19,gradcam,0.7988,0.0361,0.0195,0.0,0.7647,0.6596
Gamma0.8_MaxGreen2.0_Otsu,19,lime,0.7988,0.0417,0.0221,0.03,0.7647,0.6596
Gamma0.8_MaxGreen2.0_Otsu,19,occlusion,0.7988,0.0434,0.0239,0.04,0.7647,0.6596
LABNorm_MaxGreen2.0_Frangi,10,gradcam,0.5699,0.0157,0.0081,0.01,0.6667,0.4468
LABNorm_MaxGreen2.0_Frangi,10,lime,0.5699,0.035,0.0185,0.01,0.6667,0.4468
LABNorm_MaxGreen2.0_Frangi,10,occlusion,0.5699,0.0415,0.0224,0.05,0.6667,0.4468
LABNorm_MaxGreen2.0_Frangi,11,gradcam,0.5741,0.0163,0.0085,0.0,0.8606,0.1277
LABNorm_MaxGreen2.0_Frangi,11,lime,0.5741,0.0365,0.0195,0.04,0.8606,0.1277
LABNorm_MaxGreen2.0_Frangi,11,occlusion,0.5741,0.0417,0.0226,0.04,0.8606,0.1277
LABNorm_MaxGreen2.0_Frangi,12,gradcam,0.6281,0.0153,0.008,0.01,0.7669,0.3298
LABNorm_MaxGreen2.0_Frangi,12,lime,0.6281,0.0354,0.0189,0.03,0.7669,0.3298
LABNorm_MaxGreen2.0_Frangi,12,occlusion,0.6281,0.041,0.022,0.02,0.7669,0.3298
LABNorm_MaxGreen2.0_Frangi,13,gradcam,0.5824,0.0177,0.0093,0.01,0.6057,0.4894
LABNorm_MaxGreen2.0_Frangi,13,lime,0.5824,0.039,0.0208,0.02,0.6057,0.4894
LABNorm_MaxGreen2.0_Frangi,13,occlusion,0.5824,0.0433,0.0235,0.02,0.6057,0.4894
LABNorm_MaxGreen2.0_Frangi,14,gradcam,0.4977,0.0148,0.0077,0.01,0.5948,0.4149
LABNorm_MaxGreen2.0_Frangi,14,lime,0.4977,0.0324,0.0172,0.03,0.5948,0.4149
LABNorm_MaxGreen2.0_Frangi,14,occlusion,0.4977,0.0421,0.0228,0.04,0.5948,0.4149
LABNorm_MaxGreen2.0_Frangi,15,gradcam,0.4499,0.0233,0.0123,0.0,0.793,0.1277
LABNorm_MaxGreen2.0_Frangi,15,lime,0.4499,0.0293,0.0154,0.0,0.793,0.1277
LABNorm_MaxGreen2.0_Frangi,15,occlusion,0.4499,0.0439,0.0237,0.04,0.793,0.1277
LABNorm_MaxGreen2.0_Frangi,16,gradcam,0.5657,0.017,0.009,0.01,0.2135,0.8723
LABNorm_MaxGreen2.0_Frangi,16,lime,0.5657,0.0311,0.0164,0.01,0.2135,0.8723
LABNorm_MaxGreen2.0_Frangi,16,occlusion,0.5657,0.0368,0.0199,0.05,0.2135,0.8723
LABNorm_MaxGreen2.0_Frangi,17,gradcam,0.537,0.0203,0.0108,0.02,0.8235,0.2021
LABNorm_MaxGreen2.0_Frangi,17,lime,0.537,0.0321,0.017,0.02,0.8235,0.2021
LABNorm_MaxGreen2.0_Frangi,17,occlusion,0.537,0.052,0.0282,0.04,0.8235,0.2021
LABNorm_MaxGreen2.0_Frangi,18,gradcam,0.5256,0.024,0.0127,0.02,0.6492,0.3617
LABNorm_MaxGreen2.0_Frangi,18,lime,0.5256,0.0395,0.0211,0.02,0.6492,0.3617
LABNorm_MaxGreen2.0_Frangi,18,occlusion,0.5256,0.0564,0.0309,0.03,0.6492,0.3617
LABNorm_MaxGreen2.0_Frangi,19,gradcam,0.6249,0.0183,0.0096,0.02,0.6057,0.6277
LABNorm_MaxGreen2.0_Frangi,19,lime,0.6249,0.027,0.0142,0.01,0.6057,0.6277
LABNorm_MaxGreen2.0_Frangi,19,occlusion,0.6249,0.0508,0.0276,0.02,0.6057,0.6277
Retinex_Gaussian,10,gradcam,0.891,0.0996,0.0573,0.09,0.8715,0.734
Retinex_Gaussian,10,lime,0.891,0.0467,0.0255,0.04,0.8715,0.734
Retinex_Gaussian,10,occlusion,0.891,0.0494,0.0314,0.07,0.8715,0.734
Retinex_Gaussian,11,gradcam,0.8844,0.0965,0.0545,0.07,0.8322,0.7979
Retinex_Gaussian,11,lime,0.8844,0.047,0.0257,0.03,0.8322,0.7979
Retinex_Gaussian,11,occlusion,0.8844,0.0523,0.0284,0.08,0.8322,0.7979
Retinex_Gaussian,12,gradcam,0.8888,0.0981,0.0559,0.12,0.817,0.7553
Retinex_Gaussian,12,lime,0.8888,0.0421,0.0227,0.02,0.817,0.7553
Retinex_Gaussian,12,occlusion,0.8888,0.0497,0.0267,0.04,0.817,0.7553
Retinex_Gaussian,13,gradcam,0.8938,0.1016,0.0589,0.09,0.8845,0.7234
Retinex_Gaussian,13,lime,0.8938,0.0506,0.0278,0.03,0.8845,0.7234
Retinex_Gaussian,13,occlusion,0.8938,0.0445,0.0239,0.06,0.8845,0.7234
Retinex_Gaussian,14,gradcam,0.9127,0.1014,0.0593,0.07,0.8519,0.8404
Retinex_Gaussian,14,lime,0.9127,0.0583,0.0324,0.05,0.8519,0.8404
Retinex_Gaussian,14,occlusion,0.9127,0.0503,0.0314,0.03,0.8519,0.8404
Retinex_Gaussian,15,gradcam,0.8912,0.0999,0.0579,0.1,0.8562,0.766
Retinex_Gaussian,15,lime,0.8912,0.0471,0.0258,0.03,0.8562,0.766
Retinex_Gaussian,15,occlusion,0.8912,0.0467,0.0252,0.03,0.8562,0.766
Retinex_Gaussian,16,gradcam,0.8894,0.0933,0.0543,0.06,0.8715,0.7447
Retinex_Gaussian,16,lime,0.8894,0.0464,0.025,0.05,0.8715,0.7447
Retinex_Gaussian,16,occlusion,0.8894,0.0594,0.0368,0.03,0.8715,0.7447
Retinex_Gaussian,17,gradcam,0.8919,0.0843,0.0478,0.09,0.854,0.7872
Retinex_Gaussian,17,lime,0.8919,0.0381,0.0202,0.04,0.854,0.7872
Retinex_Gaussian,17,occlusion,0.8919,0.0454,0.0249,0.07,0.854,0.7872
Retinex_Gaussian,18,gradcam,0.8942,0.1036,0.0602,0.09,0.8889,0.7447
Retinex_Gaussian,18,lime,0.8942,0.0479,0.0258,0.03,0.8889,0.7447
Retinex_Gaussian,18,occlusion,0.8942,0.0504,0.0279,0.03,0.8889,0.7447
Retinex_Gaussian,19,gradcam,0.8752,0.0901,0.0505,0.12,0.8453,0.7128
Retinex_Gaussian,19,lime,0.8752,0.0421,0.0227,0.01,0.8453,0.7128
Retinex_Gaussian,19,occlusion,0.8752,0.0388,0.0208,0.04,0.8453,0.7128
Retinex_Grayscale_CLAHE4.0_Otsu,10,gradcam,0.8387,0.0337,0.0179,0.01,0.817,0.5957
Retinex_Grayscale_CLAHE4.0_Otsu,10,lime,0.8387,0.0475,0.0261,0.01,0.817,0.5957
Retinex_Grayscale_CLAHE4.0_Otsu,10,occlusion,0.8387,0.0281,0.0148,0.04,0.817,0.5957
Retinex_Grayscale_CLAHE4.0_Otsu,11,gradcam,0.8634,0.0414,0.0228,0.04,0.8497,0.6489
Retinex_Grayscale_CLAHE4.0_Otsu,11,lime,0.8634,0.0472,0.0255,0.0,0.8497,0.6489
Retinex_Grayscale_CLAHE4.0_Otsu,11,occlusion,0.8634,0.0486,0.0262,0.05,0.8497,0.6489
Retinex_Grayscale_CLAHE4.0_Otsu,12,gradcam,0.8442,0.0254,0.0135,0.01,0.7603,0.8085
Retinex_Grayscale_CLAHE4.0_Otsu,12,lime,0.8442,0.0515,0.0281,0.02,0.7603,0.8085
Retinex_Grayscale_CLAHE4.0_Otsu,12,occlusion,0.8442,0.0168,0.0088,0.0,0.7603,0.8085
Retinex_Grayscale_CLAHE4.0_Otsu,13,gradcam,0.8526,0.0403,0.0219,0.05,0.8388,0.6489
Retinex_Grayscale_CLAHE4.0_Otsu,13,lime,0.8526,0.0486,0.0269,0.02,0.8388,0.6489
Retinex_Grayscale_CLAHE4.0_Otsu,13,occlusion,0.8526,0.0434,0.0238,0.02,0.8388,0.6489
Retinex_Grayscale_CLAHE4.0_Otsu,14,gradcam,0.8496,0.0383,0.0204,0.04,0.7146,0.8191
Retinex_Grayscale_CLAHE4.0_Otsu,14,lime,0.8496,0.0387,0.0208,0.0,0.7146,0.8191
Retinex_Grayscale_CLAHE4.0_Otsu,14,occlusion,0.8496,0.041,0.0223,0.03,0.7146,0.8191
Retinex_Grayscale_CLAHE4.0_Otsu,15,gradcam,0.8592,0.046,0.0249,0.06,0.8431,0.6489
Retinex_Grayscale_CLAHE4.0_Otsu,15,lime,0.8592,0.0449,0.0243,0.01,0.8431,0.6489
Retinex_Grayscale_CLAHE4.0_Otsu,15,occlusion,0.8592,0.0493,0.0272,0.05,0.8431,0.6489
Retinex_Grayscale_CLAHE4.0_Otsu,16,gradcam,0.8397,0.0264,0.014,0.0,0.7778,0.7234
Retinex_Grayscale_CLAHE4.0_Otsu,16,lime,0.8397,0.0439,0.0237,0.03,0.7778,0.7234
Retinex_Grayscale_CLAHE4.0_Otsu,16,occlusion,0.8397,0.0334,0.0178,0.05,0.7778,0.7234
Retinex_Grayscale_CLAHE4.0_Otsu,17,gradcam,0.8628,0.045,0.0241,0.03,0.8475,0.6277
Retinex_Grayscale_CLAHE4.0_Otsu,17,lime,0.8628,0.0482,0.0264,0.02,0.8475,0.6277
Retinex_Grayscale_CLAHE4.0_Otsu,17,occlusion,0.8628,0.0503,0.0275,0.03,0.8475,0.6277
Retinex_Grayscale_CLAHE4.0_Otsu,18,gradcam,0.86,0.0378,0.0201,0.05,0.8431,0.617
Retinex_Grayscale_CLAHE4.0_Otsu,18,lime,0.86,0.0479,0.0261,0.01,0.8431,0.617
Retinex_Grayscale_CLAHE4.0_Otsu,18,occlusion,0.86,0.0364,0.0194,0.02,0.8431,0.617
Retinex_Grayscale_CLAHE4.0_Otsu,19,gradcam,0.8623,0.0328,0.0176,0.04,0.7386,0.7979
Retinex_Grayscale_CLAHE4.0_Otsu,19,lime,0.8623,0.0507,0.0278,0.03,0.7386,0.7979
Retinex_Grayscale_CLAHE4.0_Otsu,19,occlusion,0.8623,0.0505,0.028,0.04,0.7386,0.7979
Retinex_MaxGreen2.0_CLAHE4.0_Otsu,11,gradcam,0.8606,0.0274,0.0146,0.04,0.8257,0.7766
Retinex_MaxGreen2.0_CLAHE4.0_Otsu,11,lime,0.8606,0.0433,0.0237,0.0,0.8257,0.7766
Retinex_MaxGreen2.0_CLAHE4.0_Otsu,11,occlusion,0.8606,0.0346,0.0187,0.02,0.8257,0.7766
Retinex_MaxGreen2.0_CLAHE4.0_Otsu,12,gradcam,0.8604,0.0387,0.0205,0.05,0.8736,0.5957
Retinex_MaxGreen2.0_CLAHE4.0_Otsu,12,lime,0.8604,0.0551,0.0305,0.0,0.8736,0.5957
Retinex_MaxGreen2.0_CLAHE4.0_Otsu,12,occlusion,0.8604,0.0248,0.0131,0.04,0.8736,0.5957
Retinex_MaxGreen2.0_CLAHE4.0_Otsu,13,gradcam,0.86,0.039,0.0207,0.05,0.854,0.6915
Retinex_MaxGreen2.0_CLAHE4.0_Otsu,13,lime,0.86,0.0437,0.0236,0.0,0.854,0.6915
Retinex_MaxGreen2.0_CLAHE4.0_Otsu,13,occlusion,0.86,0.0142,0.0073,0.02,0.854,0.6915
Retinex_MaxGreen2.0_CLAHE4.0_Otsu,14,gradcam,0.8617,0.044,0.0235,0.05,0.8344,0.6277
Retinex_MaxGreen2.0_CLAHE4.0_Otsu,14,lime,0.8617,0.0407,0.0223,0.01,0.8344,0.6277
Retinex_MaxGreen2.0_CLAHE4.0_Otsu,14,occlusion,0.8617,0.0405,0.0217,0.04,0.8344,0.6277
Retinex_MaxGreen2.0_CLAHE4.0_Otsu,15,gradcam,0.8529,0.0444,0.0239,0.05,0.8976,0.5426
Retinex_MaxGreen2.0_CLAHE4.0_Otsu,15,lime,0.8529,0.0489,0.0265,0.0,0.8976,0.5426
Retinex_MaxGreen2.0_CLAHE4.0_Otsu,15,occlusion,0.8529,0.042,0.0226,0.06,0.8976,0.5426
Retinex_MaxGreen2.0_CLAHE4.0_Otsu,16,gradcam,0.8631,0.0328,0.0174,0.05,0.8235,0.6809
Retinex_MaxGreen2.0_CLAHE4.0_Otsu,16,lime,0.8631,0.0448,0.0242,0.01,0.8235,0.6809
Retinex_MaxGreen2.0_CLAHE4.0_Otsu,16,occlusion,0.8631,0.0501,0.027,0.06,0.8235,0.6809
Retinex_MaxGreen2.0_CLAHE4.0_Otsu,17,gradcam,0.8455,0.0389,0.0208,0.03,0.7952,0.7447
Retinex_MaxGreen2.0_CLAHE4.0_Otsu,17,lime,0.8455,0.0331,0.0176,0.02,0.7952,0.7447
Retinex_MaxGreen2.0_CLAHE4.0_Otsu,17,occlusion,0.8455,0.0428,0.0234,0.03,0.7952,0.7447
Retinex_MaxGreen2.0_CLAHE4.0_Otsu,18,gradcam,0.8438,0.0448,0.024,0.06,0.915,0.383
Retinex_MaxGreen2.0_CLAHE4.0_Otsu,18,lime,0.8438,0.0461,0.0249,0.02,0.915,0.383
Retinex_MaxGreen2.0_CLAHE4.0_Otsu,18,occlusion,0.8438,0.023,0.012,0.03,0.915,0.383
Retinex_MaxGreen2.0_CLAHE4.0_Otsu,19,gradcam,0.8606,0.032,0.017,0.06,0.7908,0.8085
Retinex_MaxGreen2.0_CLAHE4.0_Otsu,19,lime,0.8606,0.0396,0.0211,0.01,0.7908,0.8085
Retinex_MaxGreen2.0_CLAHE4.0_Otsu,19,occlusion,0.8606,0.0222,0.0116,0.02,0.7908,0.8085
Retinex_MaxGreen2.0_Gaussian,10,gradcam,0.8695,0.0839,0.0482,0.12,0.8911,0.617
Retinex_MaxGreen2.0_Gaussian,10,lime,0.8695,0.0541,0.0293,0.03,0.8911,0.617
Retinex_MaxGreen2.0_Gaussian,10,occlusion,0.8695,0.0433,0.0233,0.04,0.8911,0.617
Retinex_MaxGreen2.0_Gaussian,11,gradcam,0.8837,0.1008,0.0591,0.09,0.8192,0.7979
Retinex_MaxGreen2.0_Gaussian,11,lime,0.8837,0.0485,0.0261,0.04,0.8192,0.7979
Retinex_MaxGreen2.0_Gaussian,11,occlusion,0.8837,0.0461,0.0249,0.04,0.8192,0.7979
Retinex_MaxGreen2.0_Gaussian,12,gradcam,0.8963,0.1081,0.0634,0.12,0.8475,0.7021
Retinex_MaxGreen2.0_Gaussian,12,lime,0.8963,0.0491,0.0268,0.01,0.8475,0.7021
Retinex_MaxGreen2.0_Gaussian,12,occlusion,0.8963,0.0426,0.0231,0.05,0.8475,0.7021
Retinex_MaxGreen2.0_Gaussian,13,gradcam,0.8943,0.0918,0.0535,0.1,0.8998,0.6489
Retinex_MaxGreen2.0_Gaussian,13,lime,0.8943,0.0484,0.0267,0.03,0.8998,0.6489
Retinex_MaxGreen2.0_Gaussian,13,occlusion,0.8943,0.0427,0.0233,0.03,0.8998,0.6489
Retinex_MaxGreen2.0_Gaussian,14,gradcam,0.8916,0.0861,0.0483,0.09,0.8257,0.766
Retinex_MaxGreen2.0_Gaussian,14,lime,0.8916,0.0496,0.0274,0.07,0.8257,0.766
Retinex_MaxGreen2.0_Gaussian,14,occlusion,0.8916,0.0511,0.028,0.06,0.8257,0.766
Retinex_MaxGreen2.0_Gaussian,15,gradcam,0.8854,0.1,0.0581,0.09,0.8475,0.7766
Retinex_MaxGreen2.0_Gaussian,15,lime,0.8854,0.0452,0.0247,0.0,0.8475,0.7766
Retinex_MaxGreen2.0_Gaussian,15,occlusion,0.8854,0.0447,0.0238,0.05,0.8475,0.7766
Retinex_MaxGreen2.0_Gaussian,16,gradcam,0.8994,0.0918,0.0522,0.09,0.8105,0.8404
Retinex_MaxGreen2.0_Gaussian,16,lime,0.8994,0.0411,0.0219,0.03,0.8105,0.8404
Retinex_MaxGreen2.0_Gaussian,16,occlusion,0.8994,0.03,0.0161,0.0,0.8105,0.8404
Retinex_MaxGreen2.0_Gaussian,17,gradcam,0.8722,0.0963,0.0554,0.06,0.8105,0.7872
Retinex_MaxGreen2.0_Gaussian,17,lime,0.8722,0.0428,0.0234,0.04,0.8105,0.7872
Retinex_MaxGreen2.0_Gaussian,17,occlusion,0.8722,0.0429,0.0231,0.05,0.8105,0.7872
Retinex_MaxGreen2.0_Gaussian,18,gradcam,0.9024,0.1027,0.0599,0.11,0.8606,0.8085
Retinex_MaxGreen2.0_Gaussian,18,lime,0.9024,0.0467,0.0254,0.03,0.8606,0.8085
Retinex_MaxGreen2.0_Gaussian,18,occlusion,0.9024,0.0539,0.0293,0.06,0.8606,0.8085
Retinex_MaxGreen2.0_Gaussian,19,gradcam,0.8731,0.0877,0.0505,0.12,0.8736,0.6915
Retinex_MaxGreen2.0_Gaussian,19,lime,0.8731,0.0474,0.0255,0.04,0.8736,0.6915
Retinex_MaxGreen2.0_Gaussian,19,occlusion,0.8731,0.0322,0.0171,0.03,0.8736,0.6915
baseline,10,gradcam,0.9101,0.0723,0.0417,0.11,0.8279,0.8511
baseline,10,lime,0.9101,0.0399,0.0214,0.01,0.8279,0.8511
baseline,10,occlusion,0.9101,0.0457,0.0244,0.03,0.8279,0.8511
baseline,11,gradcam,0.9154,0.0735,0.0418,0.07,0.732,0.9681
baseline,11,lime,0.9154,0.0337,0.0178,0.03,0.732,0.9681
baseline,11,occlusion,0.9154,0.0485,0.0263,0.05,0.732,0.9681
baseline,12,gradcam,0.9134,0.0813,0.0462,0.12,0.7451,0.9787
baseline,12,lime,0.9134,0.0447,0.0243,0.05,0.7451,0.9787
baseline,12,occlusion,0.9134,0.0465,0.0255,0.05,0.7451,0.9787
baseline,13,gradcam,0.9234,0.0784,0.0453,0.05,0.8322,0.8511
baseline,13,lime,0.9234,0.0352,0.0188,0.02,0.8322,0.8511
baseline,13,occlusion,0.9234,0.0324,0.0173,0.02,0.8322,0.8511
baseline,14,gradcam,0.9132,0.0833,0.0479,0.15,0.7865,0.9149
baseline,14,lime,0.9132,0.0451,0.0247,0.05,0.7865,0.9149
baseline,14,occlusion,0.9132,0.0444,0.0238,0.05,0.7865,0.9149
baseline,15,gradcam,0.9096,0.0688,0.0388,0.06,0.7625,0.9468
baseline,15,lime,0.9096,0.0387,0.0207,0.03,0.7625,0.9468
baseline,15,occlusion,0.9096,0.0361,0.0192,0.06,0.7625,0.9468
baseline,16,gradcam,0.9135,0.0873,0.0504,0.14,0.8017,0.8723
baseline,16,lime,0.9135,0.0308,0.0162,0.01,0.8017,0.8723
baseline,16,occlusion,0.9135,0.0342,0.018,0.03,0.8017,0.8723
baseline,17,gradcam,0.9186,0.0746,0.0421,0.1,0.8301,0.8511
baseline,17,lime,0.9186,0.0515,0.0286,0.04,0.8301,0.8511
baseline,17,occlusion,0.9186,0.0336,0.0177,0.05,0.8301,0.8511
baseline,18,gradcam,0.9073,0.0694,0.0391,0.1,0.8475,0.7979
baseline,18,lime,0.9073,0.0478,0.0261,0.04,0.8475,0.7979
baseline,18,occlusion,0.9073,0.0394,0.0212,0.03,0.8475,0.7979
baseline,19,gradcam,0.9126,0.0783,0.0453,0.1,0.8039,0.8723
baseline,19,lime,0.9126,0.0376,0.0199,0.03,0.8039,0.8723
baseline,19,occlusion,0.9126,0.0343,0.0182,0.01,0.8039,0.8723
