filtro,metodo_xai,auc,sens,spec,dice,pg,n_reps
BenGraham_GreenChannel_CLAHE4.0_Otsu,gradcam,0.86302,0.8348599999999999,0.67659,0.07074,0.11100000000000002,10
BenGraham_GreenChannel_CLAHE4.0_Otsu,lime,0.86302,0.8348599999999999,0.67659,0.05125999999999999,0.001,10
BenGraham_GreenChannel_CLAHE4.0_Otsu,occlusion,0.86302,0.8348599999999999,0.67659,0.052480000000000006,0.05600000000000001,10
BenGraham_MaxGreen2.0,gradcam,0.884275,0.868175,0.72605,0.071775,0.08,4
BenGraham_MaxGreen2.0,lime,0.884275,0.868175,0.72605,0.044475,0.0275,4
BenGraham_MaxGreen2.0,occlusion,0.884275,0.868175,0.72605,0.04285,0.045,4
BenGraham_MaxGreen2.0_Canny,gradcam,0.7201222222222222,0.5921,0.7316888888888889,0.017066666666666667,0.021111111111111112,9
BenGraham_MaxGreen2.0_Canny,lime,0.7201222222222222,0.5921,0.7316888888888889,0.033355555555555555,0.013333333333333334,9
BenGraham_MaxGreen2.0_Canny,occlusion,0.7201222222222222,0.5921,0.7316888888888889,0.036533333333333334,0.031111111111111114,9
Gamma0.8_MaxGreen2.0_Otsu,gradcam,0.79129,0.77713,0.62978,0.040510000000000004,0.027000000000000003,10
Gamma0.8_MaxGreen2.0_Otsu,lime,0.79129,0.77713,0.62978,0.04592,0.03,10
Gamma0.8_MaxGreen2.0_Otsu,occlusion,0.79129,0.77713,0.62978,0.02752,0.024,10
LABNorm_MaxGreen2.0_Frangi,gradcam,0.55553,0.65796,0.40001,0.01827,0.011,10
LABNorm_MaxGreen2.0_Frangi,lime,0.55553,0.65796,0.40001,0.033729999999999996,0.019,10
LABNorm_MaxGreen2.0_Frangi,occlusion,0.55553,0.65796,0.40001,0.044950000000000004,0.035,10
Retinex_Gaussian,gradcam,0.8912599999999999,0.8573000000000001,0.76064,0.09684000000000001,0.09,10
Retinex_Gaussian,lime,0.8912599999999999,0.8573000000000001,0.76064,0.04663,0.033,10
Retinex_Gaussian,occlusion,0.8912599999999999,0.8573000000000001,0.76064,0.04869,0.048,10
Retinex_Grayscale_CLAHE4.0_Otsu,gradcam,0.8532500000000001,0.80305,0.6936,0.03671,0.033,10
Retinex_Grayscale_CLAHE4.0_Otsu,lime,0.8532500000000001,0.80305,0.6936,0.04691,0.015,10
Retinex_Grayscale_CLAHE4.0_Otsu,occlusion,0.8532500000000001,0.80305,0.6936,0.039779999999999996,0.033,10
Retinex_MaxGreen2.0_CLAHE4.0_Otsu,gradcam,0.8565111111111112,0.8455333333333334,0.6501333333333333,0.038,0.04888888888888889,9
Retinex_MaxGreen2.0_CLAHE4.0_Otsu,lime,0.8565111111111112,0.8455333333333334,0.6501333333333333,0.043922222222222224,0.007777777777777778,9
Retinex_MaxGreen2.0_CLAHE4.0_Otsu,occlusion,0.8565111111111112,0.8455333333333334,0.6501333333333333,0.03268888888888889,0.035555555555555556,9
Retinex_MaxGreen2.0_Gaussian,gradcam,0.8867900000000001,0.8486,0.74361,0.09492,0.099,10
Retinex_MaxGreen2.0_Gaussian,lime,0.8867900000000001,0.8486,0.74361,0.04729,0.032,10
Retinex_MaxGreen2.0_Gaussian,occlusion,0.8867900000000001,0.8486,0.74361,0.04295,0.041,10
baseline,gradcam,0.91371,0.79694,0.8904299999999999,0.07672,0.1,10
baseline,lime,0.91371,0.79694,0.8904299999999999,0.0405,0.031,10
baseline,occlusion,0.91371,0.79694,0.8904299999999999,0.03951,0.038,10
