conjunto,estrato,n,fidelidade,desempenho,r,p,spearman_rho,spearman_p
495 (artigo),todas,495,Dice,AUC-ROC,0.865248605863407,6.087153041901442e-150,0.8623108577085716,8.432695444064168e-148
495 (artigo),todas,495,Dice,Sensibilidade,0.7786209186592994,7.675851886163161e-102,0.6345026741023279,4.000239177654014e-57
495 (artigo),todas,495,Dice,Especificidade,0.0228974638928636,0.6113025072134671,0.023998371243977648,0.5942711106469627
495 (artigo),todas,495,Pointing Game,AUC-ROC,0.8305192717103106,2.179106732316256e-127,0.8174152025536608,3.539125619776106e-120
495 (artigo),todas,495,Pointing Game,Sensibilidade,0.728706123880953,4.297329798409378e-83,0.576799427825455,3.076626061538063e-45
495 (artigo),todas,495,Pointing Game,Especificidade,0.05925689051319984,0.1881048208342412,0.05641403179901627,0.21022108370066914
495 (artigo),"AUC >= 0,6",493,Dice,AUC-ROC,0.87449205234098,2.142213857140803e-156,0.860883292462104,3.4402552010431774e-146
495 (artigo),"AUC >= 0,6",493,Dice,Sensibilidade,0.7780881309516675,3.2766385594271736e-101,0.6308943512064861,4.374566056923871e-56
495 (artigo),"AUC >= 0,6",493,Dice,Especificidade,0.0013530364055940698,0.9760941401968389,0.014166259080495592,0.7537038661295474
495 (artigo),"AUC >= 0,6",493,Pointing Game,AUC-ROC,0.8395370574828861,3.445233013815795e-132,0.8157199905965444,8.233765081493918e-119
495 (artigo),"AUC >= 0,6",493,Pointing Game,Sensibilidade,0.7277140984783267,1.9564092635665716e-82,0.5728636765670694,2.4438787970846433e-44
495 (artigo),"AUC >= 0,6",493,Pointing Game,Especificidade,0.040130277996928185,0.3739315438544396,0.04748352807105396,0.2926973835621592
495 (artigo),"AUC >= 0,8",371,Dice,AUC-ROC,0.7231277585691395,2.8772872473129063e-61,0.6940329201788041,1.3139076966837147e-54
495 (artigo),"AUC >= 0,8",371,Dice,Sensibilidade,0.3934620075491752,3.4666661813488266e-15,0.24026400764355146,2.855647619329132e-06
495 (artigo),"AUC >= 0,8",371,Dice,Especificidade,0.19682679058477973,0.00013577010466165733,0.262474881980084,2.9165539360381026e-07
495 (artigo),"AUC >= 0,8",371,Pointing Game,AUC-ROC,0.6749898652625779,1.1552455958257667e-50,0.6009384213937715,8.634536567086627e-38
495 (artigo),"AUC >= 0,8",371,Pointing Game,Sensibilidade,0.3035889720202631,2.3831903926073943e-09,0.13732849045817372,0.008078574559038133
495 (artigo),"AUC >= 0,8",371,Pointing Game,Especificidade,0.23980841214728763,2.9858062920898484e-06,0.3071329683840303,1.5174533457432355e-09
576 (completa),todas,576,Dice,AUC-ROC,0.8594229175795833,2.2429930770367228e-169,0.8605325032693539,2.7347059070424824e-170
576 (completa),todas,576,Dice,Sensibilidade,0.767690213549854,5.0527345597853507e-113,0.6146366928646995,3.9328686801662204e-61
576 (completa),todas,576,Dice,Especificidade,0.011988709652902302,0.7740247925064356,0.023419592795433628,0.5748478660346724
576 (completa),todas,576,Pointing Game,AUC-ROC,0.8252248934061486,1.566067157345157e-144,0.8166606376783955,3.765742656414867e-139
576 (completa),todas,576,Pointing Game,Sensibilidade,0.7171900748997053,4.342975836774866e-92,0.5609551728619354,4.729745681592907e-49
576 (completa),todas,576,Pointing Game,Especificidade,0.04966344151449333,0.23401973701411669,0.05395190687188214,0.19601977602380968
576 (completa),"AUC >= 0,6",574,Dice,AUC-ROC,0.8675158240490838,1.2735617647207167e-175,0.8592724864657239,1.1406749732732786e-168
576 (completa),"AUC >= 0,6",574,Dice,Sensibilidade,0.7672166054789539,2.04529662689591e-112,0.6112978314956349,4.1521896123365655e-60
576 (completa),"AUC >= 0,6",574,Dice,Especificidade,-0.006724413085698501,0.8722854926962956,0.01491919355923689,0.7213320171878861
576 (completa),"AUC >= 0,6",574,Pointing Game,AUC-ROC,0.8330598724745478,3.333780025857278e-149,0.815159564233255,9.225734062746566e-138
576 (completa),"AUC >= 0,6",574,Pointing Game,Sensibilidade,0.7163152692163497,1.8753342972869563e-91,0.5573496286074825,3.724696651908244e-48
576 (completa),"AUC >= 0,6",574,Pointing Game,Especificidade,0.03296074593391584,0.4305937103193797,0.04622659367814658,0.2688618632788978
576 (completa),"AUC >= 0,8",436,Dice,AUC-ROC,0.7379998233503033,3.769594528693922e-76,0.7019912380343346,5.768099045303256e-66
576 (completa),"AUC >= 0,8",436,Dice,Sensibilidade,0.38402687486808684,9.042078075411103e-17,0.2159202435784031,5.380451833665658e-06
576 (completa),"AUC >= 0,8",436,Dice,Especificidade,0.20775535551844887,1.2231805373989502e-05,0.28073529193962365,2.4391541315019112e-09
576 (completa),"AUC >= 0,8",436,Pointing Game,AUC-ROC,0.6931241628178697,1.0900318496991895e-63,0.6142328783027343,1.4263192391483632e-46
576 (completa),"AUC >= 0,8",436,Pointing Game,Sensibilidade,0.30463816135746014,8.147357616340419e-11,0.12593010415452316,0.0084774903103351
576 (completa),"AUC >= 0,8",436,Pointing Game,Especificidade,0.24629563381741862,1.9038457124838685e-07,0.31809338416075933,1.0437017607347019e-11
