tecnica,fidelidade,desempenho,n,r,p,ic95_lo,ic95_hi,spearman_rho,spearman_p,n_sem_colapso,r_sem_colapso,p_sem_colapso
Grad-CAM,Dice,AUC-ROC,10,0.7563009469515913,0.011360624096271543,0.6304074071004514,0.932720308441782,0.9151515151515152,0.0002044724061488323,9,0.8060750806560547,0.008697685737469745
Grad-CAM,Dice,Sensibilidade,10,0.7602169941778438,0.01070279528981305,0.3625879489512406,0.9409368383953399,0.7333333333333332,0.01580059625057158,9,0.6929117235484469,0.03851745586478739
Grad-CAM,Dice,Especificidade,10,0.6099270619254906,0.0611532506348202,0.24349396968168088,0.9036835459387477,0.6242424242424242,0.053717767217167395,9,0.4731053478185623,0.19835629797339818
Grad-CAM,Pointing Game,AUC-ROC,10,0.7654397647420131,0.009867770009079553,0.6096900413756735,0.9421603468583519,0.8666666666666665,0.0011735381801554687,9,0.7873308347535901,0.011779332984145244
Grad-CAM,Pointing Game,Sensibilidade,10,0.7068886359666455,0.022263608447003543,0.28658769276213897,0.8907354482686007,0.5878787878787878,0.07387770688865801,9,0.6163325542398532,0.07713476680541752
Grad-CAM,Pointing Game,Especificidade,10,0.6399397086045315,0.04628242830659011,0.11084922518770556,0.9106281273667168,0.5636363636363636,0.08972402831709125,9,0.49543178366342433,0.17503863793496352
LIME,Dice,AUC-ROC,10,0.7359680007457161,0.015238552676673671,-0.5383879178787983,0.9361034149028461,0.38181818181818183,0.27625533338543595,9,0.5705098954499843,0.10868361627126669
LIME,Dice,Sensibilidade,10,0.8578382881559284,0.0014997843187946308,-0.009170975130924566,0.9620475334957964,0.5515151515151515,0.09840117666963498,9,0.8056289535394686,0.008763835236620903
LIME,Dice,Especificidade,10,0.30501355739469715,0.39146805372026083,-0.7259994123115275,0.9110662971902436,0.06666666666666665,0.8548130882487426,9,-0.3545570198589034,0.34915387008945237
LIME,Pointing Game,AUC-ROC,10,0.218274100396234,0.5446310876747879,-0.20172105960961548,0.8268694400026948,0.5515151515151515,0.09840117666963498,9,0.3219162162977904,0.39822356831692324
LIME,Pointing Game,Sensibilidade,10,0.2110467166805014,0.5583544801091321,-0.30843321800578494,0.8553908787688713,0.309090909090909,0.3848412302612835,9,0.20889161090807956,0.5896215648492515
LIME,Pointing Game,Especificidade,10,0.32615383298722944,0.3577125067908026,-0.10329362481823903,0.829470002781661,0.5515151515151515,0.09840117666963498,9,0.47949097652861183,0.1915190924349101
Occlusion,Dice,AUC-ROC,10,0.08274488737555093,0.8202297622142554,-0.40702147763786284,0.7927639570991232,0.28484848484848485,0.42503815489214547,9,0.49725966562783425,0.1732025671459922
Occlusion,Dice,Sensibilidade,10,0.21921028335368,0.5428633111427501,-0.2903303291230541,0.7587287760217415,0.38181818181818183,0.27625533338543595,9,0.3738308251365891,0.3216446321924257
Occlusion,Dice,Especificidade,10,0.008383790317175656,0.9816617476753976,-0.4712535133197418,0.8492995717468484,0.1515151515151515,0.6760651759978538,9,0.30038161199192653,0.43223139658882226
Occlusion,Pointing Game,AUC-ROC,10,0.4151986752061882,0.23279535467469872,0.17534266830758435,0.8168145801814694,0.709090909090909,0.021665923367532435,9,0.5760189704776949,0.10453873476392261
Occlusion,Pointing Game,Sensibilidade,10,0.5195605688650622,0.12376462609498379,0.27652324977672127,0.8690647344800817,0.7454545454545454,0.013330146315440047,9,0.5237470574565212,0.14783652242771106
Occlusion,Pointing Game,Especificidade,10,0.23028480798485143,0.5221270096780717,-0.25972673902990306,0.7013547727668588,0.3939393939393939,0.25999776683488757,9,0.20259589553449212,0.60113251274761
